INFO 2025-08-25 10:01:51,452 autoreload 920815 139151248777344 Watching for file changes with StatReloader
INFO 2025-08-25 10:01:51,551 autoreload 920819 130303134818432 Watching for file changes with StatReloader
INFO 2025-08-25 10:01:56,763 autoreload 920819 130303134818432 /home/net/analyzer/fwanalyzer/settings.py changed, reloading.
INFO 2025-08-25 10:01:57,038 autoreload 920911 127563118178432 Watching for file changes with StatReloader
INFO 2025-08-25 10:01:57,675 autoreload 920815 139151248777344 /home/net/analyzer/fwanalyzer/settings.py changed, reloading.
INFO 2025-08-25 10:01:57,954 autoreload 920938 125113757507712 Watching for file changes with StatReloader
INFO 2025-08-25 10:04:02,839 autoreload 920938 125113757507712 /home/net/analyzer/dashboard/views/base.py changed, reloading.
INFO 2025-08-25 10:04:02,886 autoreload 920911 127563118178432 /home/net/analyzer/dashboard/views/base.py changed, reloading.
INFO 2025-08-25 10:04:03,129 autoreload 923245 132573767700608 Watching for file changes with StatReloader
INFO 2025-08-25 10:04:03,178 autoreload 923246 125143274639488 Watching for file changes with StatReloader
INFO 2025-08-25 10:04:08,403 autoreload 923246 125143274639488 /home/net/analyzer/dashboard/views/traffic.py changed, reloading.
INFO 2025-08-25 10:04:08,404 autoreload 923245 132573767700608 /home/net/analyzer/dashboard/views/traffic.py changed, reloading.
INFO 2025-08-25 10:04:08,681 autoreload 923359 123131376214144 Watching for file changes with StatReloader
INFO 2025-08-25 10:04:11,947 autoreload 923359 123131376214144 /home/net/analyzer/dashboard/views/traffic.py changed, reloading.
INFO 2025-08-25 10:04:12,225 autoreload 923427 136625857302656 Watching for file changes with StatReloader
INFO 2025-08-25 10:04:20,451 autoreload 923427 136625857302656 /home/net/analyzer/dashboard/views/traffic.py changed, reloading.
INFO 2025-08-25 10:04:20,723 autoreload 923586 128476662939776 Watching for file changes with StatReloader
INFO 2025-08-25 10:04:31,004 autoreload 923586 128476662939776 /home/net/analyzer/dashboard/views/system_config.py changed, reloading.
INFO 2025-08-25 10:04:31,283 autoreload 923747 140132989350016 Watching for file changes with StatReloader
INFO 2025-08-25 10:04:39,514 autoreload 923747 140132989350016 /home/net/analyzer/dashboard/views/system_config.py changed, reloading.
INFO 2025-08-25 10:04:39,791 autoreload 923906 135863350841472 Watching for file changes with StatReloader
INFO 2025-08-25 10:04:43,007 autoreload 923906 135863350841472 /home/net/analyzer/dashboard/views/system_config.py changed, reloading.
INFO 2025-08-25 10:04:43,283 autoreload 923968 132072133951616 Watching for file changes with StatReloader
INFO 2025-08-25 10:04:47,548 autoreload 923968 132072133951616 /home/net/analyzer/dashboard/views/system_config.py changed, reloading.
INFO 2025-08-25 10:04:47,835 autoreload 924040 132432846794880 Watching for file changes with StatReloader
INFO 2025-08-25 10:04:52,096 autoreload 924040 132432846794880 /home/net/analyzer/dashboard/views/system_config.py changed, reloading.
INFO 2025-08-25 10:04:52,380 autoreload 924128 135813093048448 Watching for file changes with StatReloader
INFO 2025-08-25 10:05:11,708 autoreload 924128 135813093048448 /home/net/analyzer/dashboard/views/log_sources.py changed, reloading.
INFO 2025-08-25 10:05:11,982 autoreload 924524 129784077619328 Watching for file changes with StatReloader
INFO 2025-08-25 10:05:20,268 autoreload 924524 129784077619328 /home/net/analyzer/dashboard/views/log_sources.py changed, reloading.
INFO 2025-08-25 10:05:20,559 autoreload 924706 124967307980928 Watching for file changes with StatReloader
INFO 2025-08-25 10:05:28,807 autoreload 924706 124967307980928 /home/net/analyzer/dashboard/views/log_sources.py changed, reloading.
INFO 2025-08-25 10:05:29,075 autoreload 924884 136572744315008 Watching for file changes with StatReloader
INFO 2025-08-25 10:05:59,523 autoreload 924884 136572744315008 /home/net/analyzer/dashboard/models/__init__.py changed, reloading.
INFO 2025-08-25 10:05:59,800 autoreload 925527 139171415015552 Watching for file changes with StatReloader
INFO 2025-08-25 10:06:12,046 autoreload 925527 139171415015552 /home/net/analyzer/dashboard/models/__init__.py changed, reloading.
INFO 2025-08-25 10:06:12,337 autoreload 925743 136830343745664 Watching for file changes with StatReloader
INFO 2025-08-25 10:06:22,562 autoreload 925743 136830343745664 /home/net/analyzer/dashboard/urls/__init__.py changed, reloading.
INFO 2025-08-25 10:06:22,843 autoreload 925904 130326971781248 Watching for file changes with StatReloader
INFO 2025-08-25 10:06:50,190 autoreload 925904 130326971781248 /home/net/analyzer/fwanalyzer/urls.py changed, reloading.
INFO 2025-08-25 10:06:50,476 autoreload 926318 135864830832768 Watching for file changes with StatReloader
INFO 2025-08-25 10:26:28,835 autoreload 926318 135864830832768 /home/net/analyzer/dashboard/urls.py changed, reloading.
INFO 2025-08-25 10:26:29,151 autoreload 942901 134049549721728 Watching for file changes with StatReloader
INFO 2025-08-25 10:26:47,741 autoreload 943226 127844491366528 Watching for file changes with StatReloader
INFO 2025-08-25 10:26:59,570 autoreload 942901 134049549721728 /home/net/analyzer/dashboard/urls.py changed, reloading.
INFO 2025-08-25 10:26:59,884 autoreload 943561 124626391593088 Watching for file changes with StatReloader
INFO 2025-08-25 10:27:00,056 autoreload 943226 127844491366528 /home/net/analyzer/dashboard/urls.py changed, reloading.
INFO 2025-08-25 10:27:00,359 autoreload 943563 127909329010816 Watching for file changes with StatReloader
INFO 2025-08-25 10:27:03,258 basehttp 943563 127909256857280 "GET / HTTP/1.1" 302 0
INFO 2025-08-25 10:27:03,372 basehttp 943563 127909256857280 "GET /auth/login/?next=/ HTTP/1.1" 200 9124
INFO 2025-08-25 10:27:11,810 basehttp 943563 127909256857280 "GET /auth/login/?next=/ HTTP/1.1" 200 9124
INFO 2025-08-25 10:27:13,485 basehttp 943563 127909256857280 "GET /auth/login/?next=/ HTTP/1.1" 200 9124
INFO 2025-08-25 10:28:03,488 basehttp 943563 127909256857280 "GET /auth/login/?next=/ HTTP/1.1" 200 9124
INFO 2025-08-25 10:28:06,890 basehttp 943563 127909256857280 "GET / HTTP/1.1" 302 0
INFO 2025-08-25 10:28:06,974 basehttp 943563 127909256857280 "GET /auth/login/?next=/ HTTP/1.1" 200 9124
INFO 2025-08-25 10:28:09,654 autoreload 943561 124626391593088 /home/net/analyzer/dashboard/migrations/0003_role_user_auditlog_loginattempt_passwordhistory_and_more.py changed, reloading.
INFO 2025-08-25 10:28:09,964 autoreload 945196 140677209469056 Watching for file changes with StatReloader
INFO 2025-08-25 10:28:10,180 autoreload 943563 127909329010816 /home/net/analyzer/dashboard/migrations/0003_role_user_auditlog_loginattempt_passwordhistory_and_more.py changed, reloading.
INFO 2025-08-25 10:28:10,497 autoreload 945198 132620508618880 Watching for file changes with StatReloader
INFO 2025-08-25 10:28:57,621 autoreload 945196 140677209469056 /home/net/analyzer/dashboard/models/auth.py changed, reloading.
INFO 2025-08-25 10:28:57,937 autoreload 946066 129518561665152 Watching for file changes with StatReloader
INFO 2025-08-25 10:28:58,116 autoreload 945198 132620508618880 /home/net/analyzer/dashboard/models/auth.py changed, reloading.
INFO 2025-08-25 10:28:58,415 autoreload 946099 139766586699904 Watching for file changes with StatReloader
INFO 2025-08-25 10:29:08,288 autoreload 946066 129518561665152 /home/net/analyzer/dashboard/migrations/0003_role_user_auditlog_loginattempt_passwordhistory_and_more.py changed, reloading.
INFO 2025-08-25 10:29:08,595 autoreload 946434 132240159481984 Watching for file changes with StatReloader
INFO 2025-08-25 10:29:08,741 autoreload 946099 139766586699904 /home/net/analyzer/dashboard/migrations/0003_role_user_auditlog_loginattempt_passwordhistory_and_more.py changed, reloading.
INFO 2025-08-25 10:29:09,048 autoreload 946438 123831499497600 Watching for file changes with StatReloader
INFO 2025-08-25 10:29:19,437 autoreload 946438 123831499497600 /home/net/analyzer/dashboard/models/auth.py changed, reloading.
INFO 2025-08-25 10:29:19,764 autoreload 946687 132087620964480 Watching for file changes with StatReloader
INFO 2025-08-25 10:29:19,954 autoreload 946434 132240159481984 /home/net/analyzer/dashboard/models/auth.py changed, reloading.
INFO 2025-08-25 10:29:20,264 autoreload 946689 130232997412992 Watching for file changes with StatReloader
INFO 2025-08-25 10:29:29,087 autoreload 946687 132087620964480 /home/net/analyzer/dashboard/migrations/0003_role_user_auditlog_loginattempt_passwordhistory_and_more.py changed, reloading.
INFO 2025-08-25 10:29:29,395 autoreload 946959 128065071173760 Watching for file changes with StatReloader
INFO 2025-08-25 10:29:29,613 autoreload 946689 130232997412992 /home/net/analyzer/dashboard/migrations/0003_role_user_auditlog_loginattempt_passwordhistory_and_more.py changed, reloading.
INFO 2025-08-25 10:29:29,929 autoreload 946961 126388220555392 Watching for file changes with StatReloader
INFO 2025-08-25 10:29:55,372 autoreload 946961 126388220555392 /home/net/analyzer/dashboard/models/auth.py changed, reloading.
INFO 2025-08-25 10:29:55,681 autoreload 947392 126879152955520 Watching for file changes with StatReloader
INFO 2025-08-25 10:29:55,833 autoreload 946959 128065071173760 /home/net/analyzer/dashboard/models/auth.py changed, reloading.
INFO 2025-08-25 10:29:56,141 autoreload 947395 128563923370112 Watching for file changes with StatReloader
INFO 2025-08-25 10:29:59,440 autoreload 947395 128563923370112 /home/net/analyzer/dashboard/models/auth.py changed, reloading.
INFO 2025-08-25 10:29:59,747 autoreload 947551 133213112426624 Watching for file changes with StatReloader
INFO 2025-08-25 10:29:59,986 autoreload 947392 126879152955520 /home/net/analyzer/dashboard/models/auth.py changed, reloading.
INFO 2025-08-25 10:30:00,296 autoreload 947555 134095699239040 Watching for file changes with StatReloader
INFO 2025-08-25 10:30:03,588 autoreload 947555 134095699239040 /home/net/analyzer/dashboard/models/auth.py changed, reloading.
INFO 2025-08-25 10:30:03,905 autoreload 947640 127534706311296 Watching for file changes with StatReloader
INFO 2025-08-25 10:30:04,031 autoreload 947551 133213112426624 /home/net/analyzer/dashboard/models/auth.py changed, reloading.
INFO 2025-08-25 10:30:04,350 autoreload 947642 140693659701376 Watching for file changes with StatReloader
INFO 2025-08-25 10:30:31,333 autoreload 947640 127534706311296 /home/net/analyzer/dashboard/models/auth.py changed, reloading.
INFO 2025-08-25 10:30:31,674 autoreload 948021 127552744345728 Watching for file changes with StatReloader
INFO 2025-08-25 10:30:31,791 autoreload 947642 140693659701376 /home/net/analyzer/dashboard/models/auth.py changed, reloading.
INFO 2025-08-25 10:30:32,094 autoreload 948048 124710707638400 Watching for file changes with StatReloader
INFO 2025-08-25 10:30:40,968 autoreload 948021 127552744345728 /home/net/analyzer/dashboard/migrations/0003_role_user_auditlog_loginattempt_passwordhistory_and_more.py changed, reloading.
INFO 2025-08-25 10:30:41,284 autoreload 948252 123134032117888 Watching for file changes with StatReloader
INFO 2025-08-25 10:30:41,395 autoreload 948048 124710707638400 /home/net/analyzer/dashboard/migrations/0003_role_user_auditlog_loginattempt_passwordhistory_and_more.py changed, reloading.
INFO 2025-08-25 10:30:41,714 autoreload 948254 137053175390336 Watching for file changes with StatReloader
INFO 2025-08-25 10:40:26,043 basehttp 948254 137053103277760 "GET /auth/login/?next=/ HTTP/1.1" 200 9124
INFO 2025-08-25 10:45:00,843 basehttp 948254 137053103277760 "GET /auth/login/?next=/ HTTP/1.1" 200 16932
INFO 2025-08-25 10:45:00,904 basehttp 948254 137053103277760 "GET /static/dashboard/css/auth.css HTTP/1.1" 200 11761
INFO 2025-08-25 11:36:21,870 basehttp 948254 137053103277760 "GET /auth/login/?next=/ HTTP/1.1" 200 16932
INFO 2025-08-25 11:36:21,925 basehttp 948254 137053103277760 "GET /static/dashboard/css/auth.css HTTP/1.1" 304 0
INFO 2025-08-25 11:39:22,813 basehttp 948254 137053103277760 "GET /auth/login/?next=/ HTTP/1.1" 200 16932
INFO 2025-08-25 11:39:24,317 basehttp 948254 137053103277760 "GET /auth/login/?next=/ HTTP/1.1" 200 16932
INFO 2025-08-25 11:44:06,744 autoreload 948254 137053175390336 /home/net/analyzer/fwanalyzer/urls.py changed, reloading.
INFO 2025-08-25 11:44:06,995 autoreload 948252 123134032117888 /home/net/analyzer/fwanalyzer/urls.py changed, reloading.
INFO 2025-08-25 11:44:07,059 autoreload 999056 127694640377984 Watching for file changes with StatReloader
INFO 2025-08-25 11:44:07,320 autoreload 999058 135435102847104 Watching for file changes with StatReloader
INFO 2025-08-25 11:45:24,118 basehttp 999056 127694568208064 "GET /auth/login/?next=/ HTTP/1.1" 200 16932
INFO 2025-08-25 11:45:24,176 basehttp 999056 127694568208064 "GET /static/dashboard/css/auth.css HTTP/1.1" 304 0
ERROR 2025-08-25 11:45:31,195 log 999056 127694568208064 Internal Server Error: /auth/login/
Traceback (most recent call last):
  File "/home/net/analyzer/env/lib/python3.12/site-packages/django/db/backends/utils.py", line 105, in _execute
    return self.cursor.execute(sql, params)
           ^^^^^^^^^^^^^^^^^^^^^^^^^^^^^^^^
  File "/home/net/analyzer/env/lib/python3.12/site-packages/django/db/backends/sqlite3/base.py", line 360, in execute
    return super().execute(query, params)
           ^^^^^^^^^^^^^^^^^^^^^^^^^^^^^^
sqlite3.IntegrityError: NOT NULL constraint failed: auth_audit_logs.session_key

The above exception was the direct cause of the following exception:

Traceback (most recent call last):
  File "/home/net/analyzer/dashboard/auth/backends.py", line 198, in authenticate
    AuditLog.log_action(
  File "/home/net/analyzer/dashboard/models/auth.py", line 533, in log_action
    return cls.objects.create(
           ^^^^^^^^^^^^^^^^^^^
  File "/home/net/analyzer/env/lib/python3.12/site-packages/django/db/models/manager.py", line 87, in manager_method
    return getattr(self.get_queryset(), name)(*args, **kwargs)
           ^^^^^^^^^^^^^^^^^^^^^^^^^^^^^^^^^^^^^^^^^^^^^^^^^^^
  File "/home/net/analyzer/env/lib/python3.12/site-packages/django/db/models/query.py", line 663, in create
    obj.save(force_insert=True, using=self.db)
  File "/home/net/analyzer/env/lib/python3.12/site-packages/django/db/models/base.py", line 902, in save
    self.save_base(
  File "/home/net/analyzer/env/lib/python3.12/site-packages/django/db/models/base.py", line 1008, in save_base
    updated = self._save_table(
              ^^^^^^^^^^^^^^^^^
  File "/home/net/analyzer/env/lib/python3.12/site-packages/django/db/models/base.py", line 1169, in _save_table
    results = self._do_insert(
              ^^^^^^^^^^^^^^^^
  File "/home/net/analyzer/env/lib/python3.12/site-packages/django/db/models/base.py", line 1210, in _do_insert
    return manager._insert(
           ^^^^^^^^^^^^^^^^
  File "/home/net/analyzer/env/lib/python3.12/site-packages/django/db/models/manager.py", line 87, in manager_method
    return getattr(self.get_queryset(), name)(*args, **kwargs)
           ^^^^^^^^^^^^^^^^^^^^^^^^^^^^^^^^^^^^^^^^^^^^^^^^^^^
  File "/home/net/analyzer/env/lib/python3.12/site-packages/django/db/models/query.py", line 1864, in _insert
    return query.get_compiler(using=using).execute_sql(returning_fields)
           ^^^^^^^^^^^^^^^^^^^^^^^^^^^^^^^^^^^^^^^^^^^^^^^^^^^^^^^^^^^^^
  File "/home/net/analyzer/env/lib/python3.12/site-packages/django/db/models/sql/compiler.py", line 1882, in execute_sql
    cursor.execute(sql, params)
  File "/home/net/analyzer/env/lib/python3.12/site-packages/django/db/backends/utils.py", line 122, in execute
    return super().execute(sql, params)
           ^^^^^^^^^^^^^^^^^^^^^^^^^^^^
  File "/home/net/analyzer/env/lib/python3.12/site-packages/django/db/backends/utils.py", line 79, in execute
    return self._execute_with_wrappers(
           ^^^^^^^^^^^^^^^^^^^^^^^^^^^^
  File "/home/net/analyzer/env/lib/python3.12/site-packages/django/db/backends/utils.py", line 92, in _execute_with_wrappers
    return executor(sql, params, many, context)
           ^^^^^^^^^^^^^^^^^^^^^^^^^^^^^^^^^^^^
  File "/home/net/analyzer/env/lib/python3.12/site-packages/django/db/backends/utils.py", line 100, in _execute
    with self.db.wrap_database_errors:
  File "/home/net/analyzer/env/lib/python3.12/site-packages/django/db/utils.py", line 91, in __exit__
    raise dj_exc_value.with_traceback(traceback) from exc_value
  File "/home/net/analyzer/env/lib/python3.12/site-packages/django/db/backends/utils.py", line 105, in _execute
    return self.cursor.execute(sql, params)
           ^^^^^^^^^^^^^^^^^^^^^^^^^^^^^^^^
  File "/home/net/analyzer/env/lib/python3.12/site-packages/django/db/backends/sqlite3/base.py", line 360, in execute
    return super().execute(query, params)
           ^^^^^^^^^^^^^^^^^^^^^^^^^^^^^^
django.db.utils.IntegrityError: NOT NULL constraint failed: auth_audit_logs.session_key

During handling of the above exception, another exception occurred:

Traceback (most recent call last):
  File "/home/net/analyzer/env/lib/python3.12/site-packages/django/db/backends/utils.py", line 105, in _execute
    return self.cursor.execute(sql, params)
           ^^^^^^^^^^^^^^^^^^^^^^^^^^^^^^^^
  File "/home/net/analyzer/env/lib/python3.12/site-packages/django/db/backends/sqlite3/base.py", line 360, in execute
    return super().execute(query, params)
           ^^^^^^^^^^^^^^^^^^^^^^^^^^^^^^
sqlite3.IntegrityError: NOT NULL constraint failed: auth_audit_logs.session_key

The above exception was the direct cause of the following exception:

Traceback (most recent call last):
  File "/home/net/analyzer/env/lib/python3.12/site-packages/django/core/handlers/exception.py", line 55, in inner
    response = get_response(request)
               ^^^^^^^^^^^^^^^^^^^^^
  File "/home/net/analyzer/env/lib/python3.12/site-packages/django/core/handlers/base.py", line 197, in _get_response
    response = wrapped_callback(request, *callback_args, **callback_kwargs)
               ^^^^^^^^^^^^^^^^^^^^^^^^^^^^^^^^^^^^^^^^^^^^^^^^^^^^^^^^^^^^
  File "/home/net/analyzer/env/lib/python3.12/site-packages/django/views/generic/base.py", line 104, in view
    return self.dispatch(request, *args, **kwargs)
           ^^^^^^^^^^^^^^^^^^^^^^^^^^^^^^^^^^^^^^^
  File "/home/net/analyzer/env/lib/python3.12/site-packages/django/utils/decorators.py", line 48, in _wrapper
    return bound_method(*args, **kwargs)
           ^^^^^^^^^^^^^^^^^^^^^^^^^^^^^
  File "/home/net/analyzer/env/lib/python3.12/site-packages/django/utils/decorators.py", line 192, in _view_wrapper
    result = _process_exception(request, e)
             ^^^^^^^^^^^^^^^^^^^^^^^^^^^^^^
  File "/home/net/analyzer/env/lib/python3.12/site-packages/django/utils/decorators.py", line 190, in _view_wrapper
    response = view_func(request, *args, **kwargs)
               ^^^^^^^^^^^^^^^^^^^^^^^^^^^^^^^^^^^
  File "/home/net/analyzer/env/lib/python3.12/site-packages/django/utils/decorators.py", line 48, in _wrapper
    return bound_method(*args, **kwargs)
           ^^^^^^^^^^^^^^^^^^^^^^^^^^^^^
  File "/home/net/analyzer/env/lib/python3.12/site-packages/django/views/decorators/cache.py", line 80, in _view_wrapper
    response = view_func(request, *args, **kwargs)
               ^^^^^^^^^^^^^^^^^^^^^^^^^^^^^^^^^^^
  File "/home/net/analyzer/dashboard/views/auth.py", line 47, in dispatch
    return super().dispatch(request, *args, **kwargs)
           ^^^^^^^^^^^^^^^^^^^^^^^^^^^^^^^^^^^^^^^^^^
  File "/home/net/analyzer/env/lib/python3.12/site-packages/django/utils/decorators.py", line 48, in _wrapper
    return bound_method(*args, **kwargs)
           ^^^^^^^^^^^^^^^^^^^^^^^^^^^^^
  File "/home/net/analyzer/env/lib/python3.12/site-packages/django/utils/decorators.py", line 48, in _wrapper
    return bound_method(*args, **kwargs)
           ^^^^^^^^^^^^^^^^^^^^^^^^^^^^^
  File "/home/net/analyzer/env/lib/python3.12/site-packages/django/views/decorators/debug.py", line 143, in sensitive_post_parameters_wrapper
    return view(request, *args, **kwargs)
           ^^^^^^^^^^^^^^^^^^^^^^^^^^^^^^
  File "/home/net/analyzer/env/lib/python3.12/site-packages/django/utils/decorators.py", line 48, in _wrapper
    return bound_method(*args, **kwargs)
           ^^^^^^^^^^^^^^^^^^^^^^^^^^^^^
  File "/home/net/analyzer/env/lib/python3.12/site-packages/django/utils/decorators.py", line 192, in _view_wrapper
    result = _process_exception(request, e)
             ^^^^^^^^^^^^^^^^^^^^^^^^^^^^^^
  File "/home/net/analyzer/env/lib/python3.12/site-packages/django/utils/decorators.py", line 190, in _view_wrapper
    response = view_func(request, *args, **kwargs)
               ^^^^^^^^^^^^^^^^^^^^^^^^^^^^^^^^^^^
  File "/home/net/analyzer/env/lib/python3.12/site-packages/django/utils/decorators.py", line 48, in _wrapper
    return bound_method(*args, **kwargs)
           ^^^^^^^^^^^^^^^^^^^^^^^^^^^^^
  File "/home/net/analyzer/env/lib/python3.12/site-packages/django/views/decorators/cache.py", line 80, in _view_wrapper
    response = view_func(request, *args, **kwargs)
               ^^^^^^^^^^^^^^^^^^^^^^^^^^^^^^^^^^^
  File "/home/net/analyzer/env/lib/python3.12/site-packages/django/contrib/auth/views.py", line 89, in dispatch
    return super().dispatch(request, *args, **kwargs)
           ^^^^^^^^^^^^^^^^^^^^^^^^^^^^^^^^^^^^^^^^^^
  File "/home/net/analyzer/env/lib/python3.12/site-packages/django/views/generic/base.py", line 143, in dispatch
    return handler(request, *args, **kwargs)
           ^^^^^^^^^^^^^^^^^^^^^^^^^^^^^^^^^
  File "/home/net/analyzer/env/lib/python3.12/site-packages/django/views/generic/edit.py", line 150, in post
    if form.is_valid():
       ^^^^^^^^^^^^^^^
  File "/home/net/analyzer/env/lib/python3.12/site-packages/django/forms/forms.py", line 206, in is_valid
    return self.is_bound and not self.errors
                                 ^^^^^^^^^^^
  File "/home/net/analyzer/env/lib/python3.12/site-packages/django/forms/forms.py", line 201, in errors
    self.full_clean()
  File "/home/net/analyzer/env/lib/python3.12/site-packages/django/forms/forms.py", line 338, in full_clean
    self._clean_form()
  File "/home/net/analyzer/env/lib/python3.12/site-packages/django/forms/forms.py", line 354, in _clean_form
    cleaned_data = self.clean()
                   ^^^^^^^^^^^^
  File "/home/net/analyzer/env/lib/python3.12/site-packages/django/views/decorators/debug.py", line 75, in sensitive_variables_wrapper
    return func(*func_args, **func_kwargs)
           ^^^^^^^^^^^^^^^^^^^^^^^^^^^^^^^
  File "/home/net/analyzer/env/lib/python3.12/site-packages/django/contrib/auth/forms.py", line 366, in clean
    self.user_cache = authenticate(
                      ^^^^^^^^^^^^^
  File "/home/net/analyzer/env/lib/python3.12/site-packages/django/views/decorators/debug.py", line 75, in sensitive_variables_wrapper
    return func(*func_args, **func_kwargs)
           ^^^^^^^^^^^^^^^^^^^^^^^^^^^^^^^
  File "/home/net/analyzer/env/lib/python3.12/site-packages/django/contrib/auth/__init__.py", line 114, in authenticate
    user = backend.authenticate(request, **credentials)
           ^^^^^^^^^^^^^^^^^^^^^^^^^^^^^^^^^^^^^^^^^^^^
  File "/home/net/analyzer/dashboard/auth/backends.py", line 215, in authenticate
    AuditLog.log_action(
  File "/home/net/analyzer/dashboard/models/auth.py", line 533, in log_action
    return cls.objects.create(
           ^^^^^^^^^^^^^^^^^^^
  File "/home/net/analyzer/env/lib/python3.12/site-packages/django/db/models/manager.py", line 87, in manager_method
    return getattr(self.get_queryset(), name)(*args, **kwargs)
           ^^^^^^^^^^^^^^^^^^^^^^^^^^^^^^^^^^^^^^^^^^^^^^^^^^^
  File "/home/net/analyzer/env/lib/python3.12/site-packages/django/db/models/query.py", line 663, in create
    obj.save(force_insert=True, using=self.db)
  File "/home/net/analyzer/env/lib/python3.12/site-packages/django/db/models/base.py", line 902, in save
    self.save_base(
  File "/home/net/analyzer/env/lib/python3.12/site-packages/django/db/models/base.py", line 1008, in save_base
    updated = self._save_table(
              ^^^^^^^^^^^^^^^^^
  File "/home/net/analyzer/env/lib/python3.12/site-packages/django/db/models/base.py", line 1169, in _save_table
    results = self._do_insert(
              ^^^^^^^^^^^^^^^^
  File "/home/net/analyzer/env/lib/python3.12/site-packages/django/db/models/base.py", line 1210, in _do_insert
    return manager._insert(
           ^^^^^^^^^^^^^^^^
  File "/home/net/analyzer/env/lib/python3.12/site-packages/django/db/models/manager.py", line 87, in manager_method
    return getattr(self.get_queryset(), name)(*args, **kwargs)
           ^^^^^^^^^^^^^^^^^^^^^^^^^^^^^^^^^^^^^^^^^^^^^^^^^^^
  File "/home/net/analyzer/env/lib/python3.12/site-packages/django/db/models/query.py", line 1864, in _insert
    return query.get_compiler(using=using).execute_sql(returning_fields)
           ^^^^^^^^^^^^^^^^^^^^^^^^^^^^^^^^^^^^^^^^^^^^^^^^^^^^^^^^^^^^^
  File "/home/net/analyzer/env/lib/python3.12/site-packages/django/db/models/sql/compiler.py", line 1882, in execute_sql
    cursor.execute(sql, params)
  File "/home/net/analyzer/env/lib/python3.12/site-packages/django/db/backends/utils.py", line 122, in execute
    return super().execute(sql, params)
           ^^^^^^^^^^^^^^^^^^^^^^^^^^^^
  File "/home/net/analyzer/env/lib/python3.12/site-packages/django/db/backends/utils.py", line 79, in execute
    return self._execute_with_wrappers(
           ^^^^^^^^^^^^^^^^^^^^^^^^^^^^
  File "/home/net/analyzer/env/lib/python3.12/site-packages/django/db/backends/utils.py", line 92, in _execute_with_wrappers
    return executor(sql, params, many, context)
           ^^^^^^^^^^^^^^^^^^^^^^^^^^^^^^^^^^^^
  File "/home/net/analyzer/env/lib/python3.12/site-packages/django/db/backends/utils.py", line 100, in _execute
    with self.db.wrap_database_errors:
  File "/home/net/analyzer/env/lib/python3.12/site-packages/django/db/utils.py", line 91, in __exit__
    raise dj_exc_value.with_traceback(traceback) from exc_value
  File "/home/net/analyzer/env/lib/python3.12/site-packages/django/db/backends/utils.py", line 105, in _execute
    return self.cursor.execute(sql, params)
           ^^^^^^^^^^^^^^^^^^^^^^^^^^^^^^^^
  File "/home/net/analyzer/env/lib/python3.12/site-packages/django/db/backends/sqlite3/base.py", line 360, in execute
    return super().execute(query, params)
           ^^^^^^^^^^^^^^^^^^^^^^^^^^^^^^
django.db.utils.IntegrityError: NOT NULL constraint failed: auth_audit_logs.session_key
ERROR 2025-08-25 11:45:31,215 basehttp 999056 127694568208064 "POST /auth/login/?next=/ HTTP/1.1" 500 418078
INFO 2025-08-25 11:46:03,439 basehttp 999056 127694568208064 "GET /auth/login/?next=/ HTTP/1.1" 200 16932
INFO 2025-08-25 11:46:45,319 autoreload 999056 127694640377984 /home/net/analyzer/dashboard/models/auth.py changed, reloading.
INFO 2025-08-25 11:46:45,537 autoreload 999058 135435102847104 /home/net/analyzer/dashboard/models/auth.py changed, reloading.
INFO 2025-08-25 11:46:45,629 autoreload 1001561 125348282527872 Watching for file changes with StatReloader
INFO 2025-08-25 11:46:45,846 autoreload 1001562 124957023543424 Watching for file changes with StatReloader
INFO 2025-08-25 11:46:49,897 autoreload 1001561 125348282527872 /home/net/analyzer/dashboard/models/auth.py changed, reloading.
INFO 2025-08-25 11:46:50,127 autoreload 1001562 124957023543424 /home/net/analyzer/dashboard/models/auth.py changed, reloading.
INFO 2025-08-25 11:46:50,206 autoreload 1001674 129355411660928 Watching for file changes with StatReloader
INFO 2025-08-25 11:46:50,439 autoreload 1001677 140466676740224 Watching for file changes with StatReloader
INFO 2025-08-25 11:47:59,350 autoreload 1003201 134896527757440 Watching for file changes with StatReloader
INFO 2025-08-25 11:49:24,085 basehttp 1001674 129355271362240 "GET /auth/login/?next=/ HTTP/1.1" 200 16932
INFO 2025-08-25 11:49:32,416 basehttp 1001674 129355271362240 "POST /auth/login/?next=/ HTTP/1.1" 200 17354
INFO 2025-08-25 11:49:50,375 basehttp 1001674 129355271362240 "POST /auth/login/?next=/ HTTP/1.1" 302 0
ERROR 2025-08-25 11:49:50,807 log 1001674 129355271362240 Internal Server Error: /
Traceback (most recent call last):
  File "/home/net/analyzer/env/lib/python3.12/site-packages/django/core/handlers/exception.py", line 55, in inner
    response = get_response(request)
               ^^^^^^^^^^^^^^^^^^^^^
  File "/home/net/analyzer/env/lib/python3.12/site-packages/django/core/handlers/base.py", line 197, in _get_response
    response = wrapped_callback(request, *callback_args, **callback_kwargs)
               ^^^^^^^^^^^^^^^^^^^^^^^^^^^^^^^^^^^^^^^^^^^^^^^^^^^^^^^^^^^^
  File "/home/net/analyzer/env/lib/python3.12/site-packages/django/contrib/auth/decorators.py", line 59, in _view_wrapper
    return view_func(request, *args, **kwargs)
           ^^^^^^^^^^^^^^^^^^^^^^^^^^^^^^^^^^^
  File "/home/net/analyzer/dashboard/auth/decorators.py", line 52, in _wrapped_view
    return view_func(request, *args, **kwargs)
           ^^^^^^^^^^^^^^^^^^^^^^^^^^^^^^^^^^^
  File "/home/net/analyzer/dashboard/views/traffic.py", line 1056, in clickhouse_logs_view
    return render(request, 'dashboard/logs2_new.html', context)
           ^^^^^^^^^^^^^^^^^^^^^^^^^^^^^^^^^^^^^^^^^^^^^^^^^^^^
  File "/home/net/analyzer/env/lib/python3.12/site-packages/django/shortcuts.py", line 25, in render
    content = loader.render_to_string(template_name, context, request, using=using)
              ^^^^^^^^^^^^^^^^^^^^^^^^^^^^^^^^^^^^^^^^^^^^^^^^^^^^^^^^^^^^^^^^^^^^^
  File "/home/net/analyzer/env/lib/python3.12/site-packages/django/template/loader.py", line 62, in render_to_string
    return template.render(context, request)
           ^^^^^^^^^^^^^^^^^^^^^^^^^^^^^^^^^
  File "/home/net/analyzer/env/lib/python3.12/site-packages/django/template/backends/django.py", line 107, in render
    return self.template.render(context)
           ^^^^^^^^^^^^^^^^^^^^^^^^^^^^^
  File "/home/net/analyzer/env/lib/python3.12/site-packages/django/template/base.py", line 171, in render
    return self._render(context)
           ^^^^^^^^^^^^^^^^^^^^^
  File "/home/net/analyzer/env/lib/python3.12/site-packages/django/template/base.py", line 163, in _render
    return self.nodelist.render(context)
           ^^^^^^^^^^^^^^^^^^^^^^^^^^^^^
  File "/home/net/analyzer/env/lib/python3.12/site-packages/django/template/base.py", line 1016, in render
    return SafeString("".join([node.render_annotated(context) for node in self]))
                               ^^^^^^^^^^^^^^^^^^^^^^^^^^^^^^
  File "/home/net/analyzer/env/lib/python3.12/site-packages/django/template/base.py", line 977, in render_annotated
    return self.render(context)
           ^^^^^^^^^^^^^^^^^^^^
  File "/home/net/analyzer/env/lib/python3.12/site-packages/django/template/loader_tags.py", line 159, in render
    return compiled_parent._render(context)
           ^^^^^^^^^^^^^^^^^^^^^^^^^^^^^^^^
  File "/home/net/analyzer/env/lib/python3.12/site-packages/django/template/base.py", line 163, in _render
    return self.nodelist.render(context)
           ^^^^^^^^^^^^^^^^^^^^^^^^^^^^^
  File "/home/net/analyzer/env/lib/python3.12/site-packages/django/template/base.py", line 1016, in render
    return SafeString("".join([node.render_annotated(context) for node in self]))
                               ^^^^^^^^^^^^^^^^^^^^^^^^^^^^^^
  File "/home/net/analyzer/env/lib/python3.12/site-packages/django/template/base.py", line 977, in render_annotated
    return self.render(context)
           ^^^^^^^^^^^^^^^^^^^^
  File "/home/net/analyzer/env/lib/python3.12/site-packages/django/template/loader_tags.py", line 210, in render
    return template.render(context)
           ^^^^^^^^^^^^^^^^^^^^^^^^
  File "/home/net/analyzer/env/lib/python3.12/site-packages/django/template/base.py", line 173, in render
    return self._render(context)
           ^^^^^^^^^^^^^^^^^^^^^
  File "/home/net/analyzer/env/lib/python3.12/site-packages/django/template/base.py", line 163, in _render
    return self.nodelist.render(context)
           ^^^^^^^^^^^^^^^^^^^^^^^^^^^^^
  File "/home/net/analyzer/env/lib/python3.12/site-packages/django/template/base.py", line 1016, in render
    return SafeString("".join([node.render_annotated(context) for node in self]))
                               ^^^^^^^^^^^^^^^^^^^^^^^^^^^^^^
  File "/home/net/analyzer/env/lib/python3.12/site-packages/django/template/base.py", line 977, in render_annotated
    return self.render(context)
           ^^^^^^^^^^^^^^^^^^^^
  File "/home/net/analyzer/env/lib/python3.12/site-packages/django/template/defaulttags.py", line 480, in render
    url = reverse(view_name, args=args, kwargs=kwargs, current_app=current_app)
          ^^^^^^^^^^^^^^^^^^^^^^^^^^^^^^^^^^^^^^^^^^^^^^^^^^^^^^^^^^^^^^^^^^^^^
  File "/home/net/analyzer/env/lib/python3.12/site-packages/django/urls/base.py", line 98, in reverse
    resolved_url = resolver._reverse_with_prefix(view, prefix, *args, **kwargs)
                   ^^^^^^^^^^^^^^^^^^^^^^^^^^^^^^^^^^^^^^^^^^^^^^^^^^^^^^^^^^^^
  File "/home/net/analyzer/env/lib/python3.12/site-packages/django/urls/resolvers.py", line 831, in _reverse_with_prefix
    raise NoReverseMatch(msg)
django.urls.exceptions.NoReverseMatch: Reverse for 'top_summary' not found. 'top_summary' is not a valid view function or pattern name.
ERROR 2025-08-25 11:49:50,826 basehttp 1001674 129355271362240 "GET / HTTP/1.1" 500 337754
ERROR 2025-08-25 11:51:32,310 log 1001674 129355271362240 Internal Server Error: /
Traceback (most recent call last):
  File "/home/net/analyzer/env/lib/python3.12/site-packages/django/core/handlers/exception.py", line 55, in inner
    response = get_response(request)
               ^^^^^^^^^^^^^^^^^^^^^
  File "/home/net/analyzer/env/lib/python3.12/site-packages/django/core/handlers/base.py", line 197, in _get_response
    response = wrapped_callback(request, *callback_args, **callback_kwargs)
               ^^^^^^^^^^^^^^^^^^^^^^^^^^^^^^^^^^^^^^^^^^^^^^^^^^^^^^^^^^^^
  File "/home/net/analyzer/env/lib/python3.12/site-packages/django/contrib/auth/decorators.py", line 59, in _view_wrapper
    return view_func(request, *args, **kwargs)
           ^^^^^^^^^^^^^^^^^^^^^^^^^^^^^^^^^^^
  File "/home/net/analyzer/dashboard/auth/decorators.py", line 52, in _wrapped_view
    return view_func(request, *args, **kwargs)
           ^^^^^^^^^^^^^^^^^^^^^^^^^^^^^^^^^^^
  File "/home/net/analyzer/dashboard/views/traffic.py", line 1056, in clickhouse_logs_view
    return render(request, 'dashboard/logs2_new.html', context)
           ^^^^^^^^^^^^^^^^^^^^^^^^^^^^^^^^^^^^^^^^^^^^^^^^^^^^
  File "/home/net/analyzer/env/lib/python3.12/site-packages/django/shortcuts.py", line 25, in render
    content = loader.render_to_string(template_name, context, request, using=using)
              ^^^^^^^^^^^^^^^^^^^^^^^^^^^^^^^^^^^^^^^^^^^^^^^^^^^^^^^^^^^^^^^^^^^^^
  File "/home/net/analyzer/env/lib/python3.12/site-packages/django/template/loader.py", line 62, in render_to_string
    return template.render(context, request)
           ^^^^^^^^^^^^^^^^^^^^^^^^^^^^^^^^^
  File "/home/net/analyzer/env/lib/python3.12/site-packages/django/template/backends/django.py", line 107, in render
    return self.template.render(context)
           ^^^^^^^^^^^^^^^^^^^^^^^^^^^^^
  File "/home/net/analyzer/env/lib/python3.12/site-packages/django/template/base.py", line 171, in render
    return self._render(context)
           ^^^^^^^^^^^^^^^^^^^^^
  File "/home/net/analyzer/env/lib/python3.12/site-packages/django/template/base.py", line 163, in _render
    return self.nodelist.render(context)
           ^^^^^^^^^^^^^^^^^^^^^^^^^^^^^
  File "/home/net/analyzer/env/lib/python3.12/site-packages/django/template/base.py", line 1016, in render
    return SafeString("".join([node.render_annotated(context) for node in self]))
                               ^^^^^^^^^^^^^^^^^^^^^^^^^^^^^^
  File "/home/net/analyzer/env/lib/python3.12/site-packages/django/template/base.py", line 977, in render_annotated
    return self.render(context)
           ^^^^^^^^^^^^^^^^^^^^
  File "/home/net/analyzer/env/lib/python3.12/site-packages/django/template/loader_tags.py", line 159, in render
    return compiled_parent._render(context)
           ^^^^^^^^^^^^^^^^^^^^^^^^^^^^^^^^
  File "/home/net/analyzer/env/lib/python3.12/site-packages/django/template/base.py", line 163, in _render
    return self.nodelist.render(context)
           ^^^^^^^^^^^^^^^^^^^^^^^^^^^^^
  File "/home/net/analyzer/env/lib/python3.12/site-packages/django/template/base.py", line 1016, in render
    return SafeString("".join([node.render_annotated(context) for node in self]))
                               ^^^^^^^^^^^^^^^^^^^^^^^^^^^^^^
  File "/home/net/analyzer/env/lib/python3.12/site-packages/django/template/base.py", line 977, in render_annotated
    return self.render(context)
           ^^^^^^^^^^^^^^^^^^^^
  File "/home/net/analyzer/env/lib/python3.12/site-packages/django/template/loader_tags.py", line 210, in render
    return template.render(context)
           ^^^^^^^^^^^^^^^^^^^^^^^^
  File "/home/net/analyzer/env/lib/python3.12/site-packages/django/template/base.py", line 173, in render
    return self._render(context)
           ^^^^^^^^^^^^^^^^^^^^^
  File "/home/net/analyzer/env/lib/python3.12/site-packages/django/template/base.py", line 163, in _render
    return self.nodelist.render(context)
           ^^^^^^^^^^^^^^^^^^^^^^^^^^^^^
  File "/home/net/analyzer/env/lib/python3.12/site-packages/django/template/base.py", line 1016, in render
    return SafeString("".join([node.render_annotated(context) for node in self]))
                               ^^^^^^^^^^^^^^^^^^^^^^^^^^^^^^
  File "/home/net/analyzer/env/lib/python3.12/site-packages/django/template/base.py", line 977, in render_annotated
    return self.render(context)
           ^^^^^^^^^^^^^^^^^^^^
  File "/home/net/analyzer/env/lib/python3.12/site-packages/django/template/defaulttags.py", line 480, in render
    url = reverse(view_name, args=args, kwargs=kwargs, current_app=current_app)
          ^^^^^^^^^^^^^^^^^^^^^^^^^^^^^^^^^^^^^^^^^^^^^^^^^^^^^^^^^^^^^^^^^^^^^
  File "/home/net/analyzer/env/lib/python3.12/site-packages/django/urls/base.py", line 98, in reverse
    resolved_url = resolver._reverse_with_prefix(view, prefix, *args, **kwargs)
                   ^^^^^^^^^^^^^^^^^^^^^^^^^^^^^^^^^^^^^^^^^^^^^^^^^^^^^^^^^^^^
  File "/home/net/analyzer/env/lib/python3.12/site-packages/django/urls/resolvers.py", line 831, in _reverse_with_prefix
    raise NoReverseMatch(msg)
django.urls.exceptions.NoReverseMatch: Reverse for 'top_summary' not found. 'top_summary' is not a valid view function or pattern name.
ERROR 2025-08-25 11:51:32,324 basehttp 1001674 129355271362240 "GET / HTTP/1.1" 500 336264
ERROR 2025-08-25 11:51:40,837 log 1001674 129355271362240 Internal Server Error: /
Traceback (most recent call last):
  File "/home/net/analyzer/env/lib/python3.12/site-packages/django/core/handlers/exception.py", line 55, in inner
    response = get_response(request)
               ^^^^^^^^^^^^^^^^^^^^^
  File "/home/net/analyzer/env/lib/python3.12/site-packages/django/core/handlers/base.py", line 197, in _get_response
    response = wrapped_callback(request, *callback_args, **callback_kwargs)
               ^^^^^^^^^^^^^^^^^^^^^^^^^^^^^^^^^^^^^^^^^^^^^^^^^^^^^^^^^^^^
  File "/home/net/analyzer/env/lib/python3.12/site-packages/django/contrib/auth/decorators.py", line 59, in _view_wrapper
    return view_func(request, *args, **kwargs)
           ^^^^^^^^^^^^^^^^^^^^^^^^^^^^^^^^^^^
  File "/home/net/analyzer/dashboard/auth/decorators.py", line 52, in _wrapped_view
    return view_func(request, *args, **kwargs)
           ^^^^^^^^^^^^^^^^^^^^^^^^^^^^^^^^^^^
  File "/home/net/analyzer/dashboard/views/traffic.py", line 1056, in clickhouse_logs_view
    return render(request, 'dashboard/logs2_new.html', context)
           ^^^^^^^^^^^^^^^^^^^^^^^^^^^^^^^^^^^^^^^^^^^^^^^^^^^^
  File "/home/net/analyzer/env/lib/python3.12/site-packages/django/shortcuts.py", line 25, in render
    content = loader.render_to_string(template_name, context, request, using=using)
              ^^^^^^^^^^^^^^^^^^^^^^^^^^^^^^^^^^^^^^^^^^^^^^^^^^^^^^^^^^^^^^^^^^^^^
  File "/home/net/analyzer/env/lib/python3.12/site-packages/django/template/loader.py", line 62, in render_to_string
    return template.render(context, request)
           ^^^^^^^^^^^^^^^^^^^^^^^^^^^^^^^^^
  File "/home/net/analyzer/env/lib/python3.12/site-packages/django/template/backends/django.py", line 107, in render
    return self.template.render(context)
           ^^^^^^^^^^^^^^^^^^^^^^^^^^^^^
  File "/home/net/analyzer/env/lib/python3.12/site-packages/django/template/base.py", line 171, in render
    return self._render(context)
           ^^^^^^^^^^^^^^^^^^^^^
  File "/home/net/analyzer/env/lib/python3.12/site-packages/django/template/base.py", line 163, in _render
    return self.nodelist.render(context)
           ^^^^^^^^^^^^^^^^^^^^^^^^^^^^^
  File "/home/net/analyzer/env/lib/python3.12/site-packages/django/template/base.py", line 1016, in render
    return SafeString("".join([node.render_annotated(context) for node in self]))
                               ^^^^^^^^^^^^^^^^^^^^^^^^^^^^^^
  File "/home/net/analyzer/env/lib/python3.12/site-packages/django/template/base.py", line 977, in render_annotated
    return self.render(context)
           ^^^^^^^^^^^^^^^^^^^^
  File "/home/net/analyzer/env/lib/python3.12/site-packages/django/template/loader_tags.py", line 159, in render
    return compiled_parent._render(context)
           ^^^^^^^^^^^^^^^^^^^^^^^^^^^^^^^^
  File "/home/net/analyzer/env/lib/python3.12/site-packages/django/template/base.py", line 163, in _render
    return self.nodelist.render(context)
           ^^^^^^^^^^^^^^^^^^^^^^^^^^^^^
  File "/home/net/analyzer/env/lib/python3.12/site-packages/django/template/base.py", line 1016, in render
    return SafeString("".join([node.render_annotated(context) for node in self]))
                               ^^^^^^^^^^^^^^^^^^^^^^^^^^^^^^
  File "/home/net/analyzer/env/lib/python3.12/site-packages/django/template/base.py", line 977, in render_annotated
    return self.render(context)
           ^^^^^^^^^^^^^^^^^^^^
  File "/home/net/analyzer/env/lib/python3.12/site-packages/django/template/loader_tags.py", line 210, in render
    return template.render(context)
           ^^^^^^^^^^^^^^^^^^^^^^^^
  File "/home/net/analyzer/env/lib/python3.12/site-packages/django/template/base.py", line 173, in render
    return self._render(context)
           ^^^^^^^^^^^^^^^^^^^^^
  File "/home/net/analyzer/env/lib/python3.12/site-packages/django/template/base.py", line 163, in _render
    return self.nodelist.render(context)
           ^^^^^^^^^^^^^^^^^^^^^^^^^^^^^
  File "/home/net/analyzer/env/lib/python3.12/site-packages/django/template/base.py", line 1016, in render
    return SafeString("".join([node.render_annotated(context) for node in self]))
                               ^^^^^^^^^^^^^^^^^^^^^^^^^^^^^^
  File "/home/net/analyzer/env/lib/python3.12/site-packages/django/template/base.py", line 977, in render_annotated
    return self.render(context)
           ^^^^^^^^^^^^^^^^^^^^
  File "/home/net/analyzer/env/lib/python3.12/site-packages/django/template/defaulttags.py", line 480, in render
    url = reverse(view_name, args=args, kwargs=kwargs, current_app=current_app)
          ^^^^^^^^^^^^^^^^^^^^^^^^^^^^^^^^^^^^^^^^^^^^^^^^^^^^^^^^^^^^^^^^^^^^^
  File "/home/net/analyzer/env/lib/python3.12/site-packages/django/urls/base.py", line 98, in reverse
    resolved_url = resolver._reverse_with_prefix(view, prefix, *args, **kwargs)
                   ^^^^^^^^^^^^^^^^^^^^^^^^^^^^^^^^^^^^^^^^^^^^^^^^^^^^^^^^^^^^
  File "/home/net/analyzer/env/lib/python3.12/site-packages/django/urls/resolvers.py", line 831, in _reverse_with_prefix
    raise NoReverseMatch(msg)
django.urls.exceptions.NoReverseMatch: Reverse for 'top_summary' not found. 'top_summary' is not a valid view function or pattern name.
ERROR 2025-08-25 11:51:40,849 basehttp 1001674 129355271362240 "GET / HTTP/1.1" 500 336421
ERROR 2025-08-25 11:51:43,539 log 1001674 129355271362240 Internal Server Error: /
Traceback (most recent call last):
  File "/home/net/analyzer/env/lib/python3.12/site-packages/django/core/handlers/exception.py", line 55, in inner
    response = get_response(request)
               ^^^^^^^^^^^^^^^^^^^^^
  File "/home/net/analyzer/env/lib/python3.12/site-packages/django/core/handlers/base.py", line 197, in _get_response
    response = wrapped_callback(request, *callback_args, **callback_kwargs)
               ^^^^^^^^^^^^^^^^^^^^^^^^^^^^^^^^^^^^^^^^^^^^^^^^^^^^^^^^^^^^
  File "/home/net/analyzer/env/lib/python3.12/site-packages/django/contrib/auth/decorators.py", line 59, in _view_wrapper
    return view_func(request, *args, **kwargs)
           ^^^^^^^^^^^^^^^^^^^^^^^^^^^^^^^^^^^
  File "/home/net/analyzer/dashboard/auth/decorators.py", line 52, in _wrapped_view
    return view_func(request, *args, **kwargs)
           ^^^^^^^^^^^^^^^^^^^^^^^^^^^^^^^^^^^
  File "/home/net/analyzer/dashboard/views/traffic.py", line 1056, in clickhouse_logs_view
    return render(request, 'dashboard/logs2_new.html', context)
           ^^^^^^^^^^^^^^^^^^^^^^^^^^^^^^^^^^^^^^^^^^^^^^^^^^^^
  File "/home/net/analyzer/env/lib/python3.12/site-packages/django/shortcuts.py", line 25, in render
    content = loader.render_to_string(template_name, context, request, using=using)
              ^^^^^^^^^^^^^^^^^^^^^^^^^^^^^^^^^^^^^^^^^^^^^^^^^^^^^^^^^^^^^^^^^^^^^
  File "/home/net/analyzer/env/lib/python3.12/site-packages/django/template/loader.py", line 62, in render_to_string
    return template.render(context, request)
           ^^^^^^^^^^^^^^^^^^^^^^^^^^^^^^^^^
  File "/home/net/analyzer/env/lib/python3.12/site-packages/django/template/backends/django.py", line 107, in render
    return self.template.render(context)
           ^^^^^^^^^^^^^^^^^^^^^^^^^^^^^
  File "/home/net/analyzer/env/lib/python3.12/site-packages/django/template/base.py", line 171, in render
    return self._render(context)
           ^^^^^^^^^^^^^^^^^^^^^
  File "/home/net/analyzer/env/lib/python3.12/site-packages/django/template/base.py", line 163, in _render
    return self.nodelist.render(context)
           ^^^^^^^^^^^^^^^^^^^^^^^^^^^^^
  File "/home/net/analyzer/env/lib/python3.12/site-packages/django/template/base.py", line 1016, in render
    return SafeString("".join([node.render_annotated(context) for node in self]))
                               ^^^^^^^^^^^^^^^^^^^^^^^^^^^^^^
  File "/home/net/analyzer/env/lib/python3.12/site-packages/django/template/base.py", line 977, in render_annotated
    return self.render(context)
           ^^^^^^^^^^^^^^^^^^^^
  File "/home/net/analyzer/env/lib/python3.12/site-packages/django/template/loader_tags.py", line 159, in render
    return compiled_parent._render(context)
           ^^^^^^^^^^^^^^^^^^^^^^^^^^^^^^^^
  File "/home/net/analyzer/env/lib/python3.12/site-packages/django/template/base.py", line 163, in _render
    return self.nodelist.render(context)
           ^^^^^^^^^^^^^^^^^^^^^^^^^^^^^
  File "/home/net/analyzer/env/lib/python3.12/site-packages/django/template/base.py", line 1016, in render
    return SafeString("".join([node.render_annotated(context) for node in self]))
                               ^^^^^^^^^^^^^^^^^^^^^^^^^^^^^^
  File "/home/net/analyzer/env/lib/python3.12/site-packages/django/template/base.py", line 977, in render_annotated
    return self.render(context)
           ^^^^^^^^^^^^^^^^^^^^
  File "/home/net/analyzer/env/lib/python3.12/site-packages/django/template/loader_tags.py", line 210, in render
    return template.render(context)
           ^^^^^^^^^^^^^^^^^^^^^^^^
  File "/home/net/analyzer/env/lib/python3.12/site-packages/django/template/base.py", line 173, in render
    return self._render(context)
           ^^^^^^^^^^^^^^^^^^^^^
  File "/home/net/analyzer/env/lib/python3.12/site-packages/django/template/base.py", line 163, in _render
    return self.nodelist.render(context)
           ^^^^^^^^^^^^^^^^^^^^^^^^^^^^^
  File "/home/net/analyzer/env/lib/python3.12/site-packages/django/template/base.py", line 1016, in render
    return SafeString("".join([node.render_annotated(context) for node in self]))
                               ^^^^^^^^^^^^^^^^^^^^^^^^^^^^^^
  File "/home/net/analyzer/env/lib/python3.12/site-packages/django/template/base.py", line 977, in render_annotated
    return self.render(context)
           ^^^^^^^^^^^^^^^^^^^^
  File "/home/net/analyzer/env/lib/python3.12/site-packages/django/template/defaulttags.py", line 480, in render
    url = reverse(view_name, args=args, kwargs=kwargs, current_app=current_app)
          ^^^^^^^^^^^^^^^^^^^^^^^^^^^^^^^^^^^^^^^^^^^^^^^^^^^^^^^^^^^^^^^^^^^^^
  File "/home/net/analyzer/env/lib/python3.12/site-packages/django/urls/base.py", line 98, in reverse
    resolved_url = resolver._reverse_with_prefix(view, prefix, *args, **kwargs)
                   ^^^^^^^^^^^^^^^^^^^^^^^^^^^^^^^^^^^^^^^^^^^^^^^^^^^^^^^^^^^^
  File "/home/net/analyzer/env/lib/python3.12/site-packages/django/urls/resolvers.py", line 831, in _reverse_with_prefix
    raise NoReverseMatch(msg)
django.urls.exceptions.NoReverseMatch: Reverse for 'top_summary' not found. 'top_summary' is not a valid view function or pattern name.
ERROR 2025-08-25 11:51:43,551 basehttp 1001674 129355271362240 "GET / HTTP/1.1" 500 334854
ERROR 2025-08-25 11:51:48,987 log 1001674 129355271362240 Internal Server Error: /
Traceback (most recent call last):
  File "/home/net/analyzer/env/lib/python3.12/site-packages/django/core/handlers/exception.py", line 55, in inner
    response = get_response(request)
               ^^^^^^^^^^^^^^^^^^^^^
  File "/home/net/analyzer/env/lib/python3.12/site-packages/django/core/handlers/base.py", line 197, in _get_response
    response = wrapped_callback(request, *callback_args, **callback_kwargs)
               ^^^^^^^^^^^^^^^^^^^^^^^^^^^^^^^^^^^^^^^^^^^^^^^^^^^^^^^^^^^^
  File "/home/net/analyzer/env/lib/python3.12/site-packages/django/contrib/auth/decorators.py", line 59, in _view_wrapper
    return view_func(request, *args, **kwargs)
           ^^^^^^^^^^^^^^^^^^^^^^^^^^^^^^^^^^^
  File "/home/net/analyzer/dashboard/auth/decorators.py", line 52, in _wrapped_view
    return view_func(request, *args, **kwargs)
           ^^^^^^^^^^^^^^^^^^^^^^^^^^^^^^^^^^^
  File "/home/net/analyzer/dashboard/views/traffic.py", line 1056, in clickhouse_logs_view
    return render(request, 'dashboard/logs2_new.html', context)
           ^^^^^^^^^^^^^^^^^^^^^^^^^^^^^^^^^^^^^^^^^^^^^^^^^^^^
  File "/home/net/analyzer/env/lib/python3.12/site-packages/django/shortcuts.py", line 25, in render
    content = loader.render_to_string(template_name, context, request, using=using)
              ^^^^^^^^^^^^^^^^^^^^^^^^^^^^^^^^^^^^^^^^^^^^^^^^^^^^^^^^^^^^^^^^^^^^^
  File "/home/net/analyzer/env/lib/python3.12/site-packages/django/template/loader.py", line 62, in render_to_string
    return template.render(context, request)
           ^^^^^^^^^^^^^^^^^^^^^^^^^^^^^^^^^
  File "/home/net/analyzer/env/lib/python3.12/site-packages/django/template/backends/django.py", line 107, in render
    return self.template.render(context)
           ^^^^^^^^^^^^^^^^^^^^^^^^^^^^^
  File "/home/net/analyzer/env/lib/python3.12/site-packages/django/template/base.py", line 171, in render
    return self._render(context)
           ^^^^^^^^^^^^^^^^^^^^^
  File "/home/net/analyzer/env/lib/python3.12/site-packages/django/template/base.py", line 163, in _render
    return self.nodelist.render(context)
           ^^^^^^^^^^^^^^^^^^^^^^^^^^^^^
  File "/home/net/analyzer/env/lib/python3.12/site-packages/django/template/base.py", line 1016, in render
    return SafeString("".join([node.render_annotated(context) for node in self]))
                               ^^^^^^^^^^^^^^^^^^^^^^^^^^^^^^
  File "/home/net/analyzer/env/lib/python3.12/site-packages/django/template/base.py", line 977, in render_annotated
    return self.render(context)
           ^^^^^^^^^^^^^^^^^^^^
  File "/home/net/analyzer/env/lib/python3.12/site-packages/django/template/loader_tags.py", line 159, in render
    return compiled_parent._render(context)
           ^^^^^^^^^^^^^^^^^^^^^^^^^^^^^^^^
  File "/home/net/analyzer/env/lib/python3.12/site-packages/django/template/base.py", line 163, in _render
    return self.nodelist.render(context)
           ^^^^^^^^^^^^^^^^^^^^^^^^^^^^^
  File "/home/net/analyzer/env/lib/python3.12/site-packages/django/template/base.py", line 1016, in render
    return SafeString("".join([node.render_annotated(context) for node in self]))
                               ^^^^^^^^^^^^^^^^^^^^^^^^^^^^^^
  File "/home/net/analyzer/env/lib/python3.12/site-packages/django/template/base.py", line 977, in render_annotated
    return self.render(context)
           ^^^^^^^^^^^^^^^^^^^^
  File "/home/net/analyzer/env/lib/python3.12/site-packages/django/template/loader_tags.py", line 210, in render
    return template.render(context)
           ^^^^^^^^^^^^^^^^^^^^^^^^
  File "/home/net/analyzer/env/lib/python3.12/site-packages/django/template/base.py", line 173, in render
    return self._render(context)
           ^^^^^^^^^^^^^^^^^^^^^
  File "/home/net/analyzer/env/lib/python3.12/site-packages/django/template/base.py", line 163, in _render
    return self.nodelist.render(context)
           ^^^^^^^^^^^^^^^^^^^^^^^^^^^^^
  File "/home/net/analyzer/env/lib/python3.12/site-packages/django/template/base.py", line 1016, in render
    return SafeString("".join([node.render_annotated(context) for node in self]))
                               ^^^^^^^^^^^^^^^^^^^^^^^^^^^^^^
  File "/home/net/analyzer/env/lib/python3.12/site-packages/django/template/base.py", line 977, in render_annotated
    return self.render(context)
           ^^^^^^^^^^^^^^^^^^^^
  File "/home/net/analyzer/env/lib/python3.12/site-packages/django/template/defaulttags.py", line 480, in render
    url = reverse(view_name, args=args, kwargs=kwargs, current_app=current_app)
          ^^^^^^^^^^^^^^^^^^^^^^^^^^^^^^^^^^^^^^^^^^^^^^^^^^^^^^^^^^^^^^^^^^^^^
  File "/home/net/analyzer/env/lib/python3.12/site-packages/django/urls/base.py", line 98, in reverse
    resolved_url = resolver._reverse_with_prefix(view, prefix, *args, **kwargs)
                   ^^^^^^^^^^^^^^^^^^^^^^^^^^^^^^^^^^^^^^^^^^^^^^^^^^^^^^^^^^^^
  File "/home/net/analyzer/env/lib/python3.12/site-packages/django/urls/resolvers.py", line 831, in _reverse_with_prefix
    raise NoReverseMatch(msg)
django.urls.exceptions.NoReverseMatch: Reverse for 'top_summary' not found. 'top_summary' is not a valid view function or pattern name.
ERROR 2025-08-25 11:51:48,990 basehttp 1001674 129355271362240 "GET / HTTP/1.1" 500 330969
ERROR 2025-08-25 11:51:53,245 log 1001674 129355271362240 Internal Server Error: /
Traceback (most recent call last):
  File "/home/net/analyzer/env/lib/python3.12/site-packages/django/core/handlers/exception.py", line 55, in inner
    response = get_response(request)
               ^^^^^^^^^^^^^^^^^^^^^
  File "/home/net/analyzer/env/lib/python3.12/site-packages/django/core/handlers/base.py", line 197, in _get_response
    response = wrapped_callback(request, *callback_args, **callback_kwargs)
               ^^^^^^^^^^^^^^^^^^^^^^^^^^^^^^^^^^^^^^^^^^^^^^^^^^^^^^^^^^^^
  File "/home/net/analyzer/env/lib/python3.12/site-packages/django/contrib/auth/decorators.py", line 59, in _view_wrapper
    return view_func(request, *args, **kwargs)
           ^^^^^^^^^^^^^^^^^^^^^^^^^^^^^^^^^^^
  File "/home/net/analyzer/dashboard/auth/decorators.py", line 52, in _wrapped_view
    return view_func(request, *args, **kwargs)
           ^^^^^^^^^^^^^^^^^^^^^^^^^^^^^^^^^^^
  File "/home/net/analyzer/dashboard/views/traffic.py", line 1056, in clickhouse_logs_view
    return render(request, 'dashboard/logs2_new.html', context)
           ^^^^^^^^^^^^^^^^^^^^^^^^^^^^^^^^^^^^^^^^^^^^^^^^^^^^
  File "/home/net/analyzer/env/lib/python3.12/site-packages/django/shortcuts.py", line 25, in render
    content = loader.render_to_string(template_name, context, request, using=using)
              ^^^^^^^^^^^^^^^^^^^^^^^^^^^^^^^^^^^^^^^^^^^^^^^^^^^^^^^^^^^^^^^^^^^^^
  File "/home/net/analyzer/env/lib/python3.12/site-packages/django/template/loader.py", line 62, in render_to_string
    return template.render(context, request)
           ^^^^^^^^^^^^^^^^^^^^^^^^^^^^^^^^^
  File "/home/net/analyzer/env/lib/python3.12/site-packages/django/template/backends/django.py", line 107, in render
    return self.template.render(context)
           ^^^^^^^^^^^^^^^^^^^^^^^^^^^^^
  File "/home/net/analyzer/env/lib/python3.12/site-packages/django/template/base.py", line 171, in render
    return self._render(context)
           ^^^^^^^^^^^^^^^^^^^^^
  File "/home/net/analyzer/env/lib/python3.12/site-packages/django/template/base.py", line 163, in _render
    return self.nodelist.render(context)
           ^^^^^^^^^^^^^^^^^^^^^^^^^^^^^
  File "/home/net/analyzer/env/lib/python3.12/site-packages/django/template/base.py", line 1016, in render
    return SafeString("".join([node.render_annotated(context) for node in self]))
                               ^^^^^^^^^^^^^^^^^^^^^^^^^^^^^^
  File "/home/net/analyzer/env/lib/python3.12/site-packages/django/template/base.py", line 977, in render_annotated
    return self.render(context)
           ^^^^^^^^^^^^^^^^^^^^
  File "/home/net/analyzer/env/lib/python3.12/site-packages/django/template/loader_tags.py", line 159, in render
    return compiled_parent._render(context)
           ^^^^^^^^^^^^^^^^^^^^^^^^^^^^^^^^
  File "/home/net/analyzer/env/lib/python3.12/site-packages/django/template/base.py", line 163, in _render
    return self.nodelist.render(context)
           ^^^^^^^^^^^^^^^^^^^^^^^^^^^^^
  File "/home/net/analyzer/env/lib/python3.12/site-packages/django/template/base.py", line 1016, in render
    return SafeString("".join([node.render_annotated(context) for node in self]))
                               ^^^^^^^^^^^^^^^^^^^^^^^^^^^^^^
  File "/home/net/analyzer/env/lib/python3.12/site-packages/django/template/base.py", line 977, in render_annotated
    return self.render(context)
           ^^^^^^^^^^^^^^^^^^^^
  File "/home/net/analyzer/env/lib/python3.12/site-packages/django/template/loader_tags.py", line 210, in render
    return template.render(context)
           ^^^^^^^^^^^^^^^^^^^^^^^^
  File "/home/net/analyzer/env/lib/python3.12/site-packages/django/template/base.py", line 173, in render
    return self._render(context)
           ^^^^^^^^^^^^^^^^^^^^^
  File "/home/net/analyzer/env/lib/python3.12/site-packages/django/template/base.py", line 163, in _render
    return self.nodelist.render(context)
           ^^^^^^^^^^^^^^^^^^^^^^^^^^^^^
  File "/home/net/analyzer/env/lib/python3.12/site-packages/django/template/base.py", line 1016, in render
    return SafeString("".join([node.render_annotated(context) for node in self]))
                               ^^^^^^^^^^^^^^^^^^^^^^^^^^^^^^
  File "/home/net/analyzer/env/lib/python3.12/site-packages/django/template/base.py", line 977, in render_annotated
    return self.render(context)
           ^^^^^^^^^^^^^^^^^^^^
  File "/home/net/analyzer/env/lib/python3.12/site-packages/django/template/defaulttags.py", line 480, in render
    url = reverse(view_name, args=args, kwargs=kwargs, current_app=current_app)
          ^^^^^^^^^^^^^^^^^^^^^^^^^^^^^^^^^^^^^^^^^^^^^^^^^^^^^^^^^^^^^^^^^^^^^
  File "/home/net/analyzer/env/lib/python3.12/site-packages/django/urls/base.py", line 98, in reverse
    resolved_url = resolver._reverse_with_prefix(view, prefix, *args, **kwargs)
                   ^^^^^^^^^^^^^^^^^^^^^^^^^^^^^^^^^^^^^^^^^^^^^^^^^^^^^^^^^^^^
  File "/home/net/analyzer/env/lib/python3.12/site-packages/django/urls/resolvers.py", line 831, in _reverse_with_prefix
    raise NoReverseMatch(msg)
django.urls.exceptions.NoReverseMatch: Reverse for 'top_summary' not found. 'top_summary' is not a valid view function or pattern name.
ERROR 2025-08-25 11:51:53,248 basehttp 1001674 129355271362240 "GET / HTTP/1.1" 500 325687
ERROR 2025-08-25 11:51:55,123 log 1001674 129355271362240 Internal Server Error: /
Traceback (most recent call last):
  File "/home/net/analyzer/env/lib/python3.12/site-packages/django/core/handlers/exception.py", line 55, in inner
    response = get_response(request)
               ^^^^^^^^^^^^^^^^^^^^^
  File "/home/net/analyzer/env/lib/python3.12/site-packages/django/core/handlers/base.py", line 197, in _get_response
    response = wrapped_callback(request, *callback_args, **callback_kwargs)
               ^^^^^^^^^^^^^^^^^^^^^^^^^^^^^^^^^^^^^^^^^^^^^^^^^^^^^^^^^^^^
  File "/home/net/analyzer/env/lib/python3.12/site-packages/django/contrib/auth/decorators.py", line 59, in _view_wrapper
    return view_func(request, *args, **kwargs)
           ^^^^^^^^^^^^^^^^^^^^^^^^^^^^^^^^^^^
  File "/home/net/analyzer/dashboard/auth/decorators.py", line 52, in _wrapped_view
    return view_func(request, *args, **kwargs)
           ^^^^^^^^^^^^^^^^^^^^^^^^^^^^^^^^^^^
  File "/home/net/analyzer/dashboard/views/traffic.py", line 1056, in clickhouse_logs_view
    return render(request, 'dashboard/logs2_new.html', context)
           ^^^^^^^^^^^^^^^^^^^^^^^^^^^^^^^^^^^^^^^^^^^^^^^^^^^^
  File "/home/net/analyzer/env/lib/python3.12/site-packages/django/shortcuts.py", line 25, in render
    content = loader.render_to_string(template_name, context, request, using=using)
              ^^^^^^^^^^^^^^^^^^^^^^^^^^^^^^^^^^^^^^^^^^^^^^^^^^^^^^^^^^^^^^^^^^^^^
  File "/home/net/analyzer/env/lib/python3.12/site-packages/django/template/loader.py", line 62, in render_to_string
    return template.render(context, request)
           ^^^^^^^^^^^^^^^^^^^^^^^^^^^^^^^^^
  File "/home/net/analyzer/env/lib/python3.12/site-packages/django/template/backends/django.py", line 107, in render
    return self.template.render(context)
           ^^^^^^^^^^^^^^^^^^^^^^^^^^^^^
  File "/home/net/analyzer/env/lib/python3.12/site-packages/django/template/base.py", line 171, in render
    return self._render(context)
           ^^^^^^^^^^^^^^^^^^^^^
  File "/home/net/analyzer/env/lib/python3.12/site-packages/django/template/base.py", line 163, in _render
    return self.nodelist.render(context)
           ^^^^^^^^^^^^^^^^^^^^^^^^^^^^^
  File "/home/net/analyzer/env/lib/python3.12/site-packages/django/template/base.py", line 1016, in render
    return SafeString("".join([node.render_annotated(context) for node in self]))
                               ^^^^^^^^^^^^^^^^^^^^^^^^^^^^^^
  File "/home/net/analyzer/env/lib/python3.12/site-packages/django/template/base.py", line 977, in render_annotated
    return self.render(context)
           ^^^^^^^^^^^^^^^^^^^^
  File "/home/net/analyzer/env/lib/python3.12/site-packages/django/template/loader_tags.py", line 159, in render
    return compiled_parent._render(context)
           ^^^^^^^^^^^^^^^^^^^^^^^^^^^^^^^^
  File "/home/net/analyzer/env/lib/python3.12/site-packages/django/template/base.py", line 163, in _render
    return self.nodelist.render(context)
           ^^^^^^^^^^^^^^^^^^^^^^^^^^^^^
  File "/home/net/analyzer/env/lib/python3.12/site-packages/django/template/base.py", line 1016, in render
    return SafeString("".join([node.render_annotated(context) for node in self]))
                               ^^^^^^^^^^^^^^^^^^^^^^^^^^^^^^
  File "/home/net/analyzer/env/lib/python3.12/site-packages/django/template/base.py", line 977, in render_annotated
    return self.render(context)
           ^^^^^^^^^^^^^^^^^^^^
  File "/home/net/analyzer/env/lib/python3.12/site-packages/django/template/loader_tags.py", line 210, in render
    return template.render(context)
           ^^^^^^^^^^^^^^^^^^^^^^^^
  File "/home/net/analyzer/env/lib/python3.12/site-packages/django/template/base.py", line 173, in render
    return self._render(context)
           ^^^^^^^^^^^^^^^^^^^^^
  File "/home/net/analyzer/env/lib/python3.12/site-packages/django/template/base.py", line 163, in _render
    return self.nodelist.render(context)
           ^^^^^^^^^^^^^^^^^^^^^^^^^^^^^
  File "/home/net/analyzer/env/lib/python3.12/site-packages/django/template/base.py", line 1016, in render
    return SafeString("".join([node.render_annotated(context) for node in self]))
                               ^^^^^^^^^^^^^^^^^^^^^^^^^^^^^^
  File "/home/net/analyzer/env/lib/python3.12/site-packages/django/template/base.py", line 977, in render_annotated
    return self.render(context)
           ^^^^^^^^^^^^^^^^^^^^
  File "/home/net/analyzer/env/lib/python3.12/site-packages/django/template/defaulttags.py", line 480, in render
    url = reverse(view_name, args=args, kwargs=kwargs, current_app=current_app)
          ^^^^^^^^^^^^^^^^^^^^^^^^^^^^^^^^^^^^^^^^^^^^^^^^^^^^^^^^^^^^^^^^^^^^^
  File "/home/net/analyzer/env/lib/python3.12/site-packages/django/urls/base.py", line 98, in reverse
    resolved_url = resolver._reverse_with_prefix(view, prefix, *args, **kwargs)
                   ^^^^^^^^^^^^^^^^^^^^^^^^^^^^^^^^^^^^^^^^^^^^^^^^^^^^^^^^^^^^
  File "/home/net/analyzer/env/lib/python3.12/site-packages/django/urls/resolvers.py", line 831, in _reverse_with_prefix
    raise NoReverseMatch(msg)
django.urls.exceptions.NoReverseMatch: Reverse for 'top_summary' not found. 'top_summary' is not a valid view function or pattern name.
ERROR 2025-08-25 11:51:55,125 basehttp 1001674 129355271362240 "GET / HTTP/1.1" 500 326273
ERROR 2025-08-25 11:52:40,786 log 1001674 129355271362240 Internal Server Error: /
Traceback (most recent call last):
  File "/home/net/analyzer/env/lib/python3.12/site-packages/django/core/handlers/exception.py", line 55, in inner
    response = get_response(request)
               ^^^^^^^^^^^^^^^^^^^^^
  File "/home/net/analyzer/env/lib/python3.12/site-packages/django/core/handlers/base.py", line 197, in _get_response
    response = wrapped_callback(request, *callback_args, **callback_kwargs)
               ^^^^^^^^^^^^^^^^^^^^^^^^^^^^^^^^^^^^^^^^^^^^^^^^^^^^^^^^^^^^
  File "/home/net/analyzer/env/lib/python3.12/site-packages/django/contrib/auth/decorators.py", line 59, in _view_wrapper
    return view_func(request, *args, **kwargs)
           ^^^^^^^^^^^^^^^^^^^^^^^^^^^^^^^^^^^
  File "/home/net/analyzer/dashboard/auth/decorators.py", line 52, in _wrapped_view
    return view_func(request, *args, **kwargs)
           ^^^^^^^^^^^^^^^^^^^^^^^^^^^^^^^^^^^
  File "/home/net/analyzer/dashboard/views/traffic.py", line 1056, in clickhouse_logs_view
    return render(request, 'dashboard/logs2_new.html', context)
           ^^^^^^^^^^^^^^^^^^^^^^^^^^^^^^^^^^^^^^^^^^^^^^^^^^^^
  File "/home/net/analyzer/env/lib/python3.12/site-packages/django/shortcuts.py", line 25, in render
    content = loader.render_to_string(template_name, context, request, using=using)
              ^^^^^^^^^^^^^^^^^^^^^^^^^^^^^^^^^^^^^^^^^^^^^^^^^^^^^^^^^^^^^^^^^^^^^
  File "/home/net/analyzer/env/lib/python3.12/site-packages/django/template/loader.py", line 62, in render_to_string
    return template.render(context, request)
           ^^^^^^^^^^^^^^^^^^^^^^^^^^^^^^^^^
  File "/home/net/analyzer/env/lib/python3.12/site-packages/django/template/backends/django.py", line 107, in render
    return self.template.render(context)
           ^^^^^^^^^^^^^^^^^^^^^^^^^^^^^
  File "/home/net/analyzer/env/lib/python3.12/site-packages/django/template/base.py", line 171, in render
    return self._render(context)
           ^^^^^^^^^^^^^^^^^^^^^
  File "/home/net/analyzer/env/lib/python3.12/site-packages/django/template/base.py", line 163, in _render
    return self.nodelist.render(context)
           ^^^^^^^^^^^^^^^^^^^^^^^^^^^^^
  File "/home/net/analyzer/env/lib/python3.12/site-packages/django/template/base.py", line 1016, in render
    return SafeString("".join([node.render_annotated(context) for node in self]))
                               ^^^^^^^^^^^^^^^^^^^^^^^^^^^^^^
  File "/home/net/analyzer/env/lib/python3.12/site-packages/django/template/base.py", line 977, in render_annotated
    return self.render(context)
           ^^^^^^^^^^^^^^^^^^^^
  File "/home/net/analyzer/env/lib/python3.12/site-packages/django/template/loader_tags.py", line 159, in render
    return compiled_parent._render(context)
           ^^^^^^^^^^^^^^^^^^^^^^^^^^^^^^^^
  File "/home/net/analyzer/env/lib/python3.12/site-packages/django/template/base.py", line 163, in _render
    return self.nodelist.render(context)
           ^^^^^^^^^^^^^^^^^^^^^^^^^^^^^
  File "/home/net/analyzer/env/lib/python3.12/site-packages/django/template/base.py", line 1016, in render
    return SafeString("".join([node.render_annotated(context) for node in self]))
                               ^^^^^^^^^^^^^^^^^^^^^^^^^^^^^^
  File "/home/net/analyzer/env/lib/python3.12/site-packages/django/template/base.py", line 977, in render_annotated
    return self.render(context)
           ^^^^^^^^^^^^^^^^^^^^
  File "/home/net/analyzer/env/lib/python3.12/site-packages/django/template/loader_tags.py", line 210, in render
    return template.render(context)
           ^^^^^^^^^^^^^^^^^^^^^^^^
  File "/home/net/analyzer/env/lib/python3.12/site-packages/django/template/base.py", line 173, in render
    return self._render(context)
           ^^^^^^^^^^^^^^^^^^^^^
  File "/home/net/analyzer/env/lib/python3.12/site-packages/django/template/base.py", line 163, in _render
    return self.nodelist.render(context)
           ^^^^^^^^^^^^^^^^^^^^^^^^^^^^^
  File "/home/net/analyzer/env/lib/python3.12/site-packages/django/template/base.py", line 1016, in render
    return SafeString("".join([node.render_annotated(context) for node in self]))
                               ^^^^^^^^^^^^^^^^^^^^^^^^^^^^^^
  File "/home/net/analyzer/env/lib/python3.12/site-packages/django/template/base.py", line 977, in render_annotated
    return self.render(context)
           ^^^^^^^^^^^^^^^^^^^^
  File "/home/net/analyzer/env/lib/python3.12/site-packages/django/template/defaulttags.py", line 480, in render
    url = reverse(view_name, args=args, kwargs=kwargs, current_app=current_app)
          ^^^^^^^^^^^^^^^^^^^^^^^^^^^^^^^^^^^^^^^^^^^^^^^^^^^^^^^^^^^^^^^^^^^^^
  File "/home/net/analyzer/env/lib/python3.12/site-packages/django/urls/base.py", line 98, in reverse
    resolved_url = resolver._reverse_with_prefix(view, prefix, *args, **kwargs)
                   ^^^^^^^^^^^^^^^^^^^^^^^^^^^^^^^^^^^^^^^^^^^^^^^^^^^^^^^^^^^^
  File "/home/net/analyzer/env/lib/python3.12/site-packages/django/urls/resolvers.py", line 831, in _reverse_with_prefix
    raise NoReverseMatch(msg)
django.urls.exceptions.NoReverseMatch: Reverse for 'top_summary' not found. 'top_summary' is not a valid view function or pattern name.
ERROR 2025-08-25 11:52:40,799 basehttp 1001674 129355271362240 "GET / HTTP/1.1" 500 336220
ERROR 2025-08-25 11:52:42,589 log 1001674 129355271362240 Internal Server Error: /
Traceback (most recent call last):
  File "/home/net/analyzer/env/lib/python3.12/site-packages/django/core/handlers/exception.py", line 55, in inner
    response = get_response(request)
               ^^^^^^^^^^^^^^^^^^^^^
  File "/home/net/analyzer/env/lib/python3.12/site-packages/django/core/handlers/base.py", line 197, in _get_response
    response = wrapped_callback(request, *callback_args, **callback_kwargs)
               ^^^^^^^^^^^^^^^^^^^^^^^^^^^^^^^^^^^^^^^^^^^^^^^^^^^^^^^^^^^^
  File "/home/net/analyzer/env/lib/python3.12/site-packages/django/contrib/auth/decorators.py", line 59, in _view_wrapper
    return view_func(request, *args, **kwargs)
           ^^^^^^^^^^^^^^^^^^^^^^^^^^^^^^^^^^^
  File "/home/net/analyzer/dashboard/auth/decorators.py", line 52, in _wrapped_view
    return view_func(request, *args, **kwargs)
           ^^^^^^^^^^^^^^^^^^^^^^^^^^^^^^^^^^^
  File "/home/net/analyzer/dashboard/views/traffic.py", line 1056, in clickhouse_logs_view
    return render(request, 'dashboard/logs2_new.html', context)
           ^^^^^^^^^^^^^^^^^^^^^^^^^^^^^^^^^^^^^^^^^^^^^^^^^^^^
  File "/home/net/analyzer/env/lib/python3.12/site-packages/django/shortcuts.py", line 25, in render
    content = loader.render_to_string(template_name, context, request, using=using)
              ^^^^^^^^^^^^^^^^^^^^^^^^^^^^^^^^^^^^^^^^^^^^^^^^^^^^^^^^^^^^^^^^^^^^^
  File "/home/net/analyzer/env/lib/python3.12/site-packages/django/template/loader.py", line 62, in render_to_string
    return template.render(context, request)
           ^^^^^^^^^^^^^^^^^^^^^^^^^^^^^^^^^
  File "/home/net/analyzer/env/lib/python3.12/site-packages/django/template/backends/django.py", line 107, in render
    return self.template.render(context)
           ^^^^^^^^^^^^^^^^^^^^^^^^^^^^^
  File "/home/net/analyzer/env/lib/python3.12/site-packages/django/template/base.py", line 171, in render
    return self._render(context)
           ^^^^^^^^^^^^^^^^^^^^^
  File "/home/net/analyzer/env/lib/python3.12/site-packages/django/template/base.py", line 163, in _render
    return self.nodelist.render(context)
           ^^^^^^^^^^^^^^^^^^^^^^^^^^^^^
  File "/home/net/analyzer/env/lib/python3.12/site-packages/django/template/base.py", line 1016, in render
    return SafeString("".join([node.render_annotated(context) for node in self]))
                               ^^^^^^^^^^^^^^^^^^^^^^^^^^^^^^
  File "/home/net/analyzer/env/lib/python3.12/site-packages/django/template/base.py", line 977, in render_annotated
    return self.render(context)
           ^^^^^^^^^^^^^^^^^^^^
  File "/home/net/analyzer/env/lib/python3.12/site-packages/django/template/loader_tags.py", line 159, in render
    return compiled_parent._render(context)
           ^^^^^^^^^^^^^^^^^^^^^^^^^^^^^^^^
  File "/home/net/analyzer/env/lib/python3.12/site-packages/django/template/base.py", line 163, in _render
    return self.nodelist.render(context)
           ^^^^^^^^^^^^^^^^^^^^^^^^^^^^^
  File "/home/net/analyzer/env/lib/python3.12/site-packages/django/template/base.py", line 1016, in render
    return SafeString("".join([node.render_annotated(context) for node in self]))
                               ^^^^^^^^^^^^^^^^^^^^^^^^^^^^^^
  File "/home/net/analyzer/env/lib/python3.12/site-packages/django/template/base.py", line 977, in render_annotated
    return self.render(context)
           ^^^^^^^^^^^^^^^^^^^^
  File "/home/net/analyzer/env/lib/python3.12/site-packages/django/template/loader_tags.py", line 210, in render
    return template.render(context)
           ^^^^^^^^^^^^^^^^^^^^^^^^
  File "/home/net/analyzer/env/lib/python3.12/site-packages/django/template/base.py", line 173, in render
    return self._render(context)
           ^^^^^^^^^^^^^^^^^^^^^
  File "/home/net/analyzer/env/lib/python3.12/site-packages/django/template/base.py", line 163, in _render
    return self.nodelist.render(context)
           ^^^^^^^^^^^^^^^^^^^^^^^^^^^^^
  File "/home/net/analyzer/env/lib/python3.12/site-packages/django/template/base.py", line 1016, in render
    return SafeString("".join([node.render_annotated(context) for node in self]))
                               ^^^^^^^^^^^^^^^^^^^^^^^^^^^^^^
  File "/home/net/analyzer/env/lib/python3.12/site-packages/django/template/base.py", line 977, in render_annotated
    return self.render(context)
           ^^^^^^^^^^^^^^^^^^^^
  File "/home/net/analyzer/env/lib/python3.12/site-packages/django/template/defaulttags.py", line 480, in render
    url = reverse(view_name, args=args, kwargs=kwargs, current_app=current_app)
          ^^^^^^^^^^^^^^^^^^^^^^^^^^^^^^^^^^^^^^^^^^^^^^^^^^^^^^^^^^^^^^^^^^^^^
  File "/home/net/analyzer/env/lib/python3.12/site-packages/django/urls/base.py", line 98, in reverse
    resolved_url = resolver._reverse_with_prefix(view, prefix, *args, **kwargs)
                   ^^^^^^^^^^^^^^^^^^^^^^^^^^^^^^^^^^^^^^^^^^^^^^^^^^^^^^^^^^^^
  File "/home/net/analyzer/env/lib/python3.12/site-packages/django/urls/resolvers.py", line 831, in _reverse_with_prefix
    raise NoReverseMatch(msg)
django.urls.exceptions.NoReverseMatch: Reverse for 'top_summary' not found. 'top_summary' is not a valid view function or pattern name.
ERROR 2025-08-25 11:52:42,591 basehttp 1001674 129355271362240 "GET / HTTP/1.1" 500 335426
ERROR 2025-08-25 11:52:56,080 log 1001674 129355271362240 Internal Server Error: /
Traceback (most recent call last):
  File "/home/net/analyzer/env/lib/python3.12/site-packages/django/core/handlers/exception.py", line 55, in inner
    response = get_response(request)
               ^^^^^^^^^^^^^^^^^^^^^
  File "/home/net/analyzer/env/lib/python3.12/site-packages/django/core/handlers/base.py", line 197, in _get_response
    response = wrapped_callback(request, *callback_args, **callback_kwargs)
               ^^^^^^^^^^^^^^^^^^^^^^^^^^^^^^^^^^^^^^^^^^^^^^^^^^^^^^^^^^^^
  File "/home/net/analyzer/env/lib/python3.12/site-packages/django/contrib/auth/decorators.py", line 59, in _view_wrapper
    return view_func(request, *args, **kwargs)
           ^^^^^^^^^^^^^^^^^^^^^^^^^^^^^^^^^^^
  File "/home/net/analyzer/dashboard/auth/decorators.py", line 52, in _wrapped_view
    return view_func(request, *args, **kwargs)
           ^^^^^^^^^^^^^^^^^^^^^^^^^^^^^^^^^^^
  File "/home/net/analyzer/dashboard/views/traffic.py", line 1056, in clickhouse_logs_view
    return render(request, 'dashboard/logs2_new.html', context)
           ^^^^^^^^^^^^^^^^^^^^^^^^^^^^^^^^^^^^^^^^^^^^^^^^^^^^
  File "/home/net/analyzer/env/lib/python3.12/site-packages/django/shortcuts.py", line 25, in render
    content = loader.render_to_string(template_name, context, request, using=using)
              ^^^^^^^^^^^^^^^^^^^^^^^^^^^^^^^^^^^^^^^^^^^^^^^^^^^^^^^^^^^^^^^^^^^^^
  File "/home/net/analyzer/env/lib/python3.12/site-packages/django/template/loader.py", line 62, in render_to_string
    return template.render(context, request)
           ^^^^^^^^^^^^^^^^^^^^^^^^^^^^^^^^^
  File "/home/net/analyzer/env/lib/python3.12/site-packages/django/template/backends/django.py", line 107, in render
    return self.template.render(context)
           ^^^^^^^^^^^^^^^^^^^^^^^^^^^^^
  File "/home/net/analyzer/env/lib/python3.12/site-packages/django/template/base.py", line 171, in render
    return self._render(context)
           ^^^^^^^^^^^^^^^^^^^^^
  File "/home/net/analyzer/env/lib/python3.12/site-packages/django/template/base.py", line 163, in _render
    return self.nodelist.render(context)
           ^^^^^^^^^^^^^^^^^^^^^^^^^^^^^
  File "/home/net/analyzer/env/lib/python3.12/site-packages/django/template/base.py", line 1016, in render
    return SafeString("".join([node.render_annotated(context) for node in self]))
                               ^^^^^^^^^^^^^^^^^^^^^^^^^^^^^^
  File "/home/net/analyzer/env/lib/python3.12/site-packages/django/template/base.py", line 977, in render_annotated
    return self.render(context)
           ^^^^^^^^^^^^^^^^^^^^
  File "/home/net/analyzer/env/lib/python3.12/site-packages/django/template/loader_tags.py", line 159, in render
    return compiled_parent._render(context)
           ^^^^^^^^^^^^^^^^^^^^^^^^^^^^^^^^
  File "/home/net/analyzer/env/lib/python3.12/site-packages/django/template/base.py", line 163, in _render
    return self.nodelist.render(context)
           ^^^^^^^^^^^^^^^^^^^^^^^^^^^^^
  File "/home/net/analyzer/env/lib/python3.12/site-packages/django/template/base.py", line 1016, in render
    return SafeString("".join([node.render_annotated(context) for node in self]))
                               ^^^^^^^^^^^^^^^^^^^^^^^^^^^^^^
  File "/home/net/analyzer/env/lib/python3.12/site-packages/django/template/base.py", line 977, in render_annotated
    return self.render(context)
           ^^^^^^^^^^^^^^^^^^^^
  File "/home/net/analyzer/env/lib/python3.12/site-packages/django/template/loader_tags.py", line 210, in render
    return template.render(context)
           ^^^^^^^^^^^^^^^^^^^^^^^^
  File "/home/net/analyzer/env/lib/python3.12/site-packages/django/template/base.py", line 173, in render
    return self._render(context)
           ^^^^^^^^^^^^^^^^^^^^^
  File "/home/net/analyzer/env/lib/python3.12/site-packages/django/template/base.py", line 163, in _render
    return self.nodelist.render(context)
           ^^^^^^^^^^^^^^^^^^^^^^^^^^^^^
  File "/home/net/analyzer/env/lib/python3.12/site-packages/django/template/base.py", line 1016, in render
    return SafeString("".join([node.render_annotated(context) for node in self]))
                               ^^^^^^^^^^^^^^^^^^^^^^^^^^^^^^
  File "/home/net/analyzer/env/lib/python3.12/site-packages/django/template/base.py", line 977, in render_annotated
    return self.render(context)
           ^^^^^^^^^^^^^^^^^^^^
  File "/home/net/analyzer/env/lib/python3.12/site-packages/django/template/defaulttags.py", line 480, in render
    url = reverse(view_name, args=args, kwargs=kwargs, current_app=current_app)
          ^^^^^^^^^^^^^^^^^^^^^^^^^^^^^^^^^^^^^^^^^^^^^^^^^^^^^^^^^^^^^^^^^^^^^
  File "/home/net/analyzer/env/lib/python3.12/site-packages/django/urls/base.py", line 98, in reverse
    resolved_url = resolver._reverse_with_prefix(view, prefix, *args, **kwargs)
                   ^^^^^^^^^^^^^^^^^^^^^^^^^^^^^^^^^^^^^^^^^^^^^^^^^^^^^^^^^^^^
  File "/home/net/analyzer/env/lib/python3.12/site-packages/django/urls/resolvers.py", line 831, in _reverse_with_prefix
    raise NoReverseMatch(msg)
django.urls.exceptions.NoReverseMatch: Reverse for 'top_summary' not found. 'top_summary' is not a valid view function or pattern name.
ERROR 2025-08-25 11:52:56,082 basehttp 1001674 129355271362240 "GET / HTTP/1.1" 500 331520
ERROR 2025-08-25 11:52:57,998 log 1001674 129355271362240 Internal Server Error: /
Traceback (most recent call last):
  File "/home/net/analyzer/env/lib/python3.12/site-packages/django/core/handlers/exception.py", line 55, in inner
    response = get_response(request)
               ^^^^^^^^^^^^^^^^^^^^^
  File "/home/net/analyzer/env/lib/python3.12/site-packages/django/core/handlers/base.py", line 197, in _get_response
    response = wrapped_callback(request, *callback_args, **callback_kwargs)
               ^^^^^^^^^^^^^^^^^^^^^^^^^^^^^^^^^^^^^^^^^^^^^^^^^^^^^^^^^^^^
  File "/home/net/analyzer/env/lib/python3.12/site-packages/django/contrib/auth/decorators.py", line 59, in _view_wrapper
    return view_func(request, *args, **kwargs)
           ^^^^^^^^^^^^^^^^^^^^^^^^^^^^^^^^^^^
  File "/home/net/analyzer/dashboard/auth/decorators.py", line 52, in _wrapped_view
    return view_func(request, *args, **kwargs)
           ^^^^^^^^^^^^^^^^^^^^^^^^^^^^^^^^^^^
  File "/home/net/analyzer/dashboard/views/traffic.py", line 1056, in clickhouse_logs_view
    return render(request, 'dashboard/logs2_new.html', context)
           ^^^^^^^^^^^^^^^^^^^^^^^^^^^^^^^^^^^^^^^^^^^^^^^^^^^^
  File "/home/net/analyzer/env/lib/python3.12/site-packages/django/shortcuts.py", line 25, in render
    content = loader.render_to_string(template_name, context, request, using=using)
              ^^^^^^^^^^^^^^^^^^^^^^^^^^^^^^^^^^^^^^^^^^^^^^^^^^^^^^^^^^^^^^^^^^^^^
  File "/home/net/analyzer/env/lib/python3.12/site-packages/django/template/loader.py", line 62, in render_to_string
    return template.render(context, request)
           ^^^^^^^^^^^^^^^^^^^^^^^^^^^^^^^^^
  File "/home/net/analyzer/env/lib/python3.12/site-packages/django/template/backends/django.py", line 107, in render
    return self.template.render(context)
           ^^^^^^^^^^^^^^^^^^^^^^^^^^^^^
  File "/home/net/analyzer/env/lib/python3.12/site-packages/django/template/base.py", line 171, in render
    return self._render(context)
           ^^^^^^^^^^^^^^^^^^^^^
  File "/home/net/analyzer/env/lib/python3.12/site-packages/django/template/base.py", line 163, in _render
    return self.nodelist.render(context)
           ^^^^^^^^^^^^^^^^^^^^^^^^^^^^^
  File "/home/net/analyzer/env/lib/python3.12/site-packages/django/template/base.py", line 1016, in render
    return SafeString("".join([node.render_annotated(context) for node in self]))
                               ^^^^^^^^^^^^^^^^^^^^^^^^^^^^^^
  File "/home/net/analyzer/env/lib/python3.12/site-packages/django/template/base.py", line 977, in render_annotated
    return self.render(context)
           ^^^^^^^^^^^^^^^^^^^^
  File "/home/net/analyzer/env/lib/python3.12/site-packages/django/template/loader_tags.py", line 159, in render
    return compiled_parent._render(context)
           ^^^^^^^^^^^^^^^^^^^^^^^^^^^^^^^^
  File "/home/net/analyzer/env/lib/python3.12/site-packages/django/template/base.py", line 163, in _render
    return self.nodelist.render(context)
           ^^^^^^^^^^^^^^^^^^^^^^^^^^^^^
  File "/home/net/analyzer/env/lib/python3.12/site-packages/django/template/base.py", line 1016, in render
    return SafeString("".join([node.render_annotated(context) for node in self]))
                               ^^^^^^^^^^^^^^^^^^^^^^^^^^^^^^
  File "/home/net/analyzer/env/lib/python3.12/site-packages/django/template/base.py", line 977, in render_annotated
    return self.render(context)
           ^^^^^^^^^^^^^^^^^^^^
  File "/home/net/analyzer/env/lib/python3.12/site-packages/django/template/loader_tags.py", line 210, in render
    return template.render(context)
           ^^^^^^^^^^^^^^^^^^^^^^^^
  File "/home/net/analyzer/env/lib/python3.12/site-packages/django/template/base.py", line 173, in render
    return self._render(context)
           ^^^^^^^^^^^^^^^^^^^^^
  File "/home/net/analyzer/env/lib/python3.12/site-packages/django/template/base.py", line 163, in _render
    return self.nodelist.render(context)
           ^^^^^^^^^^^^^^^^^^^^^^^^^^^^^
  File "/home/net/analyzer/env/lib/python3.12/site-packages/django/template/base.py", line 1016, in render
    return SafeString("".join([node.render_annotated(context) for node in self]))
                               ^^^^^^^^^^^^^^^^^^^^^^^^^^^^^^
  File "/home/net/analyzer/env/lib/python3.12/site-packages/django/template/base.py", line 977, in render_annotated
    return self.render(context)
           ^^^^^^^^^^^^^^^^^^^^
  File "/home/net/analyzer/env/lib/python3.12/site-packages/django/template/defaulttags.py", line 480, in render
    url = reverse(view_name, args=args, kwargs=kwargs, current_app=current_app)
          ^^^^^^^^^^^^^^^^^^^^^^^^^^^^^^^^^^^^^^^^^^^^^^^^^^^^^^^^^^^^^^^^^^^^^
  File "/home/net/analyzer/env/lib/python3.12/site-packages/django/urls/base.py", line 98, in reverse
    resolved_url = resolver._reverse_with_prefix(view, prefix, *args, **kwargs)
                   ^^^^^^^^^^^^^^^^^^^^^^^^^^^^^^^^^^^^^^^^^^^^^^^^^^^^^^^^^^^^
  File "/home/net/analyzer/env/lib/python3.12/site-packages/django/urls/resolvers.py", line 831, in _reverse_with_prefix
    raise NoReverseMatch(msg)
django.urls.exceptions.NoReverseMatch: Reverse for 'top_summary' not found. 'top_summary' is not a valid view function or pattern name.
ERROR 2025-08-25 11:52:58,000 basehttp 1001674 129355271362240 "GET / HTTP/1.1" 500 325562
ERROR 2025-08-25 11:53:16,686 log 1001674 129355271362240 Internal Server Error: /
Traceback (most recent call last):
  File "/home/net/analyzer/env/lib/python3.12/site-packages/django/core/handlers/exception.py", line 55, in inner
    response = get_response(request)
               ^^^^^^^^^^^^^^^^^^^^^
  File "/home/net/analyzer/env/lib/python3.12/site-packages/django/core/handlers/base.py", line 197, in _get_response
    response = wrapped_callback(request, *callback_args, **callback_kwargs)
               ^^^^^^^^^^^^^^^^^^^^^^^^^^^^^^^^^^^^^^^^^^^^^^^^^^^^^^^^^^^^
  File "/home/net/analyzer/env/lib/python3.12/site-packages/django/contrib/auth/decorators.py", line 59, in _view_wrapper
    return view_func(request, *args, **kwargs)
           ^^^^^^^^^^^^^^^^^^^^^^^^^^^^^^^^^^^
  File "/home/net/analyzer/dashboard/auth/decorators.py", line 52, in _wrapped_view
    return view_func(request, *args, **kwargs)
           ^^^^^^^^^^^^^^^^^^^^^^^^^^^^^^^^^^^
  File "/home/net/analyzer/dashboard/views/traffic.py", line 1056, in clickhouse_logs_view
    return render(request, 'dashboard/logs2_new.html', context)
           ^^^^^^^^^^^^^^^^^^^^^^^^^^^^^^^^^^^^^^^^^^^^^^^^^^^^
  File "/home/net/analyzer/env/lib/python3.12/site-packages/django/shortcuts.py", line 25, in render
    content = loader.render_to_string(template_name, context, request, using=using)
              ^^^^^^^^^^^^^^^^^^^^^^^^^^^^^^^^^^^^^^^^^^^^^^^^^^^^^^^^^^^^^^^^^^^^^
  File "/home/net/analyzer/env/lib/python3.12/site-packages/django/template/loader.py", line 62, in render_to_string
    return template.render(context, request)
           ^^^^^^^^^^^^^^^^^^^^^^^^^^^^^^^^^
  File "/home/net/analyzer/env/lib/python3.12/site-packages/django/template/backends/django.py", line 107, in render
    return self.template.render(context)
           ^^^^^^^^^^^^^^^^^^^^^^^^^^^^^
  File "/home/net/analyzer/env/lib/python3.12/site-packages/django/template/base.py", line 171, in render
    return self._render(context)
           ^^^^^^^^^^^^^^^^^^^^^
  File "/home/net/analyzer/env/lib/python3.12/site-packages/django/template/base.py", line 163, in _render
    return self.nodelist.render(context)
           ^^^^^^^^^^^^^^^^^^^^^^^^^^^^^
  File "/home/net/analyzer/env/lib/python3.12/site-packages/django/template/base.py", line 1016, in render
    return SafeString("".join([node.render_annotated(context) for node in self]))
                               ^^^^^^^^^^^^^^^^^^^^^^^^^^^^^^
  File "/home/net/analyzer/env/lib/python3.12/site-packages/django/template/base.py", line 977, in render_annotated
    return self.render(context)
           ^^^^^^^^^^^^^^^^^^^^
  File "/home/net/analyzer/env/lib/python3.12/site-packages/django/template/loader_tags.py", line 159, in render
    return compiled_parent._render(context)
           ^^^^^^^^^^^^^^^^^^^^^^^^^^^^^^^^
  File "/home/net/analyzer/env/lib/python3.12/site-packages/django/template/base.py", line 163, in _render
    return self.nodelist.render(context)
           ^^^^^^^^^^^^^^^^^^^^^^^^^^^^^
  File "/home/net/analyzer/env/lib/python3.12/site-packages/django/template/base.py", line 1016, in render
    return SafeString("".join([node.render_annotated(context) for node in self]))
                               ^^^^^^^^^^^^^^^^^^^^^^^^^^^^^^
  File "/home/net/analyzer/env/lib/python3.12/site-packages/django/template/base.py", line 977, in render_annotated
    return self.render(context)
           ^^^^^^^^^^^^^^^^^^^^
  File "/home/net/analyzer/env/lib/python3.12/site-packages/django/template/loader_tags.py", line 210, in render
    return template.render(context)
           ^^^^^^^^^^^^^^^^^^^^^^^^
  File "/home/net/analyzer/env/lib/python3.12/site-packages/django/template/base.py", line 173, in render
    return self._render(context)
           ^^^^^^^^^^^^^^^^^^^^^
  File "/home/net/analyzer/env/lib/python3.12/site-packages/django/template/base.py", line 163, in _render
    return self.nodelist.render(context)
           ^^^^^^^^^^^^^^^^^^^^^^^^^^^^^
  File "/home/net/analyzer/env/lib/python3.12/site-packages/django/template/base.py", line 1016, in render
    return SafeString("".join([node.render_annotated(context) for node in self]))
                               ^^^^^^^^^^^^^^^^^^^^^^^^^^^^^^
  File "/home/net/analyzer/env/lib/python3.12/site-packages/django/template/base.py", line 977, in render_annotated
    return self.render(context)
           ^^^^^^^^^^^^^^^^^^^^
  File "/home/net/analyzer/env/lib/python3.12/site-packages/django/template/defaulttags.py", line 480, in render
    url = reverse(view_name, args=args, kwargs=kwargs, current_app=current_app)
          ^^^^^^^^^^^^^^^^^^^^^^^^^^^^^^^^^^^^^^^^^^^^^^^^^^^^^^^^^^^^^^^^^^^^^
  File "/home/net/analyzer/env/lib/python3.12/site-packages/django/urls/base.py", line 98, in reverse
    resolved_url = resolver._reverse_with_prefix(view, prefix, *args, **kwargs)
                   ^^^^^^^^^^^^^^^^^^^^^^^^^^^^^^^^^^^^^^^^^^^^^^^^^^^^^^^^^^^^
  File "/home/net/analyzer/env/lib/python3.12/site-packages/django/urls/resolvers.py", line 831, in _reverse_with_prefix
    raise NoReverseMatch(msg)
django.urls.exceptions.NoReverseMatch: Reverse for 'top_summary' not found. 'top_summary' is not a valid view function or pattern name.
ERROR 2025-08-25 11:53:16,688 basehttp 1001674 129355271362240 "GET / HTTP/1.1" 500 336258
ERROR 2025-08-25 11:53:19,034 log 1001674 129355271362240 Internal Server Error: /
Traceback (most recent call last):
  File "/home/net/analyzer/env/lib/python3.12/site-packages/django/core/handlers/exception.py", line 55, in inner
    response = get_response(request)
               ^^^^^^^^^^^^^^^^^^^^^
  File "/home/net/analyzer/env/lib/python3.12/site-packages/django/core/handlers/base.py", line 197, in _get_response
    response = wrapped_callback(request, *callback_args, **callback_kwargs)
               ^^^^^^^^^^^^^^^^^^^^^^^^^^^^^^^^^^^^^^^^^^^^^^^^^^^^^^^^^^^^
  File "/home/net/analyzer/env/lib/python3.12/site-packages/django/contrib/auth/decorators.py", line 59, in _view_wrapper
    return view_func(request, *args, **kwargs)
           ^^^^^^^^^^^^^^^^^^^^^^^^^^^^^^^^^^^
  File "/home/net/analyzer/dashboard/auth/decorators.py", line 52, in _wrapped_view
    return view_func(request, *args, **kwargs)
           ^^^^^^^^^^^^^^^^^^^^^^^^^^^^^^^^^^^
  File "/home/net/analyzer/dashboard/views/traffic.py", line 1056, in clickhouse_logs_view
    return render(request, 'dashboard/logs2_new.html', context)
           ^^^^^^^^^^^^^^^^^^^^^^^^^^^^^^^^^^^^^^^^^^^^^^^^^^^^
  File "/home/net/analyzer/env/lib/python3.12/site-packages/django/shortcuts.py", line 25, in render
    content = loader.render_to_string(template_name, context, request, using=using)
              ^^^^^^^^^^^^^^^^^^^^^^^^^^^^^^^^^^^^^^^^^^^^^^^^^^^^^^^^^^^^^^^^^^^^^
  File "/home/net/analyzer/env/lib/python3.12/site-packages/django/template/loader.py", line 62, in render_to_string
    return template.render(context, request)
           ^^^^^^^^^^^^^^^^^^^^^^^^^^^^^^^^^
  File "/home/net/analyzer/env/lib/python3.12/site-packages/django/template/backends/django.py", line 107, in render
    return self.template.render(context)
           ^^^^^^^^^^^^^^^^^^^^^^^^^^^^^
  File "/home/net/analyzer/env/lib/python3.12/site-packages/django/template/base.py", line 171, in render
    return self._render(context)
           ^^^^^^^^^^^^^^^^^^^^^
  File "/home/net/analyzer/env/lib/python3.12/site-packages/django/template/base.py", line 163, in _render
    return self.nodelist.render(context)
           ^^^^^^^^^^^^^^^^^^^^^^^^^^^^^
  File "/home/net/analyzer/env/lib/python3.12/site-packages/django/template/base.py", line 1016, in render
    return SafeString("".join([node.render_annotated(context) for node in self]))
                               ^^^^^^^^^^^^^^^^^^^^^^^^^^^^^^
  File "/home/net/analyzer/env/lib/python3.12/site-packages/django/template/base.py", line 977, in render_annotated
    return self.render(context)
           ^^^^^^^^^^^^^^^^^^^^
  File "/home/net/analyzer/env/lib/python3.12/site-packages/django/template/loader_tags.py", line 159, in render
    return compiled_parent._render(context)
           ^^^^^^^^^^^^^^^^^^^^^^^^^^^^^^^^
  File "/home/net/analyzer/env/lib/python3.12/site-packages/django/template/base.py", line 163, in _render
    return self.nodelist.render(context)
           ^^^^^^^^^^^^^^^^^^^^^^^^^^^^^
  File "/home/net/analyzer/env/lib/python3.12/site-packages/django/template/base.py", line 1016, in render
    return SafeString("".join([node.render_annotated(context) for node in self]))
                               ^^^^^^^^^^^^^^^^^^^^^^^^^^^^^^
  File "/home/net/analyzer/env/lib/python3.12/site-packages/django/template/base.py", line 977, in render_annotated
    return self.render(context)
           ^^^^^^^^^^^^^^^^^^^^
  File "/home/net/analyzer/env/lib/python3.12/site-packages/django/template/loader_tags.py", line 210, in render
    return template.render(context)
           ^^^^^^^^^^^^^^^^^^^^^^^^
  File "/home/net/analyzer/env/lib/python3.12/site-packages/django/template/base.py", line 173, in render
    return self._render(context)
           ^^^^^^^^^^^^^^^^^^^^^
  File "/home/net/analyzer/env/lib/python3.12/site-packages/django/template/base.py", line 163, in _render
    return self.nodelist.render(context)
           ^^^^^^^^^^^^^^^^^^^^^^^^^^^^^
  File "/home/net/analyzer/env/lib/python3.12/site-packages/django/template/base.py", line 1016, in render
    return SafeString("".join([node.render_annotated(context) for node in self]))
                               ^^^^^^^^^^^^^^^^^^^^^^^^^^^^^^
  File "/home/net/analyzer/env/lib/python3.12/site-packages/django/template/base.py", line 977, in render_annotated
    return self.render(context)
           ^^^^^^^^^^^^^^^^^^^^
  File "/home/net/analyzer/env/lib/python3.12/site-packages/django/template/defaulttags.py", line 480, in render
    url = reverse(view_name, args=args, kwargs=kwargs, current_app=current_app)
          ^^^^^^^^^^^^^^^^^^^^^^^^^^^^^^^^^^^^^^^^^^^^^^^^^^^^^^^^^^^^^^^^^^^^^
  File "/home/net/analyzer/env/lib/python3.12/site-packages/django/urls/base.py", line 98, in reverse
    resolved_url = resolver._reverse_with_prefix(view, prefix, *args, **kwargs)
                   ^^^^^^^^^^^^^^^^^^^^^^^^^^^^^^^^^^^^^^^^^^^^^^^^^^^^^^^^^^^^
  File "/home/net/analyzer/env/lib/python3.12/site-packages/django/urls/resolvers.py", line 831, in _reverse_with_prefix
    raise NoReverseMatch(msg)
django.urls.exceptions.NoReverseMatch: Reverse for 'top_summary' not found. 'top_summary' is not a valid view function or pattern name.
ERROR 2025-08-25 11:53:19,037 basehttp 1001674 129355271362240 "GET / HTTP/1.1" 500 336586
INFO 2025-08-25 11:53:19,287 autoreload 1001674 129355411660928 /home/net/analyzer/fwanalyzer/urls.py changed, reloading.
INFO 2025-08-25 11:53:19,330 autoreload 1001677 140466676740224 /home/net/analyzer/fwanalyzer/urls.py changed, reloading.
INFO 2025-08-25 11:53:19,610 autoreload 1008771 132161053134976 Watching for file changes with StatReloader
INFO 2025-08-25 11:53:19,636 autoreload 1008772 138910692339840 Watching for file changes with StatReloader
ERROR 2025-08-25 11:53:30,308 log 1008771 132160908424896 Internal Server Error: /
Traceback (most recent call last):
  File "/home/net/analyzer/env/lib/python3.12/site-packages/django/core/handlers/exception.py", line 55, in inner
    response = get_response(request)
               ^^^^^^^^^^^^^^^^^^^^^
  File "/home/net/analyzer/env/lib/python3.12/site-packages/django/core/handlers/base.py", line 197, in _get_response
    response = wrapped_callback(request, *callback_args, **callback_kwargs)
               ^^^^^^^^^^^^^^^^^^^^^^^^^^^^^^^^^^^^^^^^^^^^^^^^^^^^^^^^^^^^
  File "/home/net/analyzer/env/lib/python3.12/site-packages/django/contrib/auth/decorators.py", line 59, in _view_wrapper
    return view_func(request, *args, **kwargs)
           ^^^^^^^^^^^^^^^^^^^^^^^^^^^^^^^^^^^
  File "/home/net/analyzer/dashboard/auth/decorators.py", line 52, in _wrapped_view
    return view_func(request, *args, **kwargs)
           ^^^^^^^^^^^^^^^^^^^^^^^^^^^^^^^^^^^
  File "/home/net/analyzer/dashboard/views/traffic.py", line 1056, in clickhouse_logs_view
    return render(request, 'dashboard/logs2_new.html', context)
           ^^^^^^^^^^^^^^^^^^^^^^^^^^^^^^^^^^^^^^^^^^^^^^^^^^^^
  File "/home/net/analyzer/env/lib/python3.12/site-packages/django/shortcuts.py", line 25, in render
    content = loader.render_to_string(template_name, context, request, using=using)
              ^^^^^^^^^^^^^^^^^^^^^^^^^^^^^^^^^^^^^^^^^^^^^^^^^^^^^^^^^^^^^^^^^^^^^
  File "/home/net/analyzer/env/lib/python3.12/site-packages/django/template/loader.py", line 62, in render_to_string
    return template.render(context, request)
           ^^^^^^^^^^^^^^^^^^^^^^^^^^^^^^^^^
  File "/home/net/analyzer/env/lib/python3.12/site-packages/django/template/backends/django.py", line 107, in render
    return self.template.render(context)
           ^^^^^^^^^^^^^^^^^^^^^^^^^^^^^
  File "/home/net/analyzer/env/lib/python3.12/site-packages/django/template/base.py", line 171, in render
    return self._render(context)
           ^^^^^^^^^^^^^^^^^^^^^
  File "/home/net/analyzer/env/lib/python3.12/site-packages/django/template/base.py", line 163, in _render
    return self.nodelist.render(context)
           ^^^^^^^^^^^^^^^^^^^^^^^^^^^^^
  File "/home/net/analyzer/env/lib/python3.12/site-packages/django/template/base.py", line 1016, in render
    return SafeString("".join([node.render_annotated(context) for node in self]))
                               ^^^^^^^^^^^^^^^^^^^^^^^^^^^^^^
  File "/home/net/analyzer/env/lib/python3.12/site-packages/django/template/base.py", line 977, in render_annotated
    return self.render(context)
           ^^^^^^^^^^^^^^^^^^^^
  File "/home/net/analyzer/env/lib/python3.12/site-packages/django/template/loader_tags.py", line 159, in render
    return compiled_parent._render(context)
           ^^^^^^^^^^^^^^^^^^^^^^^^^^^^^^^^
  File "/home/net/analyzer/env/lib/python3.12/site-packages/django/template/base.py", line 163, in _render
    return self.nodelist.render(context)
           ^^^^^^^^^^^^^^^^^^^^^^^^^^^^^
  File "/home/net/analyzer/env/lib/python3.12/site-packages/django/template/base.py", line 1016, in render
    return SafeString("".join([node.render_annotated(context) for node in self]))
                               ^^^^^^^^^^^^^^^^^^^^^^^^^^^^^^
  File "/home/net/analyzer/env/lib/python3.12/site-packages/django/template/base.py", line 977, in render_annotated
    return self.render(context)
           ^^^^^^^^^^^^^^^^^^^^
  File "/home/net/analyzer/env/lib/python3.12/site-packages/django/template/loader_tags.py", line 210, in render
    return template.render(context)
           ^^^^^^^^^^^^^^^^^^^^^^^^
  File "/home/net/analyzer/env/lib/python3.12/site-packages/django/template/base.py", line 173, in render
    return self._render(context)
           ^^^^^^^^^^^^^^^^^^^^^
  File "/home/net/analyzer/env/lib/python3.12/site-packages/django/template/base.py", line 163, in _render
    return self.nodelist.render(context)
           ^^^^^^^^^^^^^^^^^^^^^^^^^^^^^
  File "/home/net/analyzer/env/lib/python3.12/site-packages/django/template/base.py", line 1016, in render
    return SafeString("".join([node.render_annotated(context) for node in self]))
                               ^^^^^^^^^^^^^^^^^^^^^^^^^^^^^^
  File "/home/net/analyzer/env/lib/python3.12/site-packages/django/template/base.py", line 977, in render_annotated
    return self.render(context)
           ^^^^^^^^^^^^^^^^^^^^
  File "/home/net/analyzer/env/lib/python3.12/site-packages/django/template/defaulttags.py", line 480, in render
    url = reverse(view_name, args=args, kwargs=kwargs, current_app=current_app)
          ^^^^^^^^^^^^^^^^^^^^^^^^^^^^^^^^^^^^^^^^^^^^^^^^^^^^^^^^^^^^^^^^^^^^^
  File "/home/net/analyzer/env/lib/python3.12/site-packages/django/urls/base.py", line 98, in reverse
    resolved_url = resolver._reverse_with_prefix(view, prefix, *args, **kwargs)
                   ^^^^^^^^^^^^^^^^^^^^^^^^^^^^^^^^^^^^^^^^^^^^^^^^^^^^^^^^^^^^
  File "/home/net/analyzer/env/lib/python3.12/site-packages/django/urls/resolvers.py", line 831, in _reverse_with_prefix
    raise NoReverseMatch(msg)
django.urls.exceptions.NoReverseMatch: Reverse for 'top_summary' not found. 'top_summary' is not a valid view function or pattern name.
ERROR 2025-08-25 11:53:30,322 basehttp 1008771 132160908424896 "GET / HTTP/1.1" 500 336821
ERROR 2025-08-25 11:53:40,966 log 1008771 132160908424896 Internal Server Error: /
Traceback (most recent call last):
  File "/home/net/analyzer/env/lib/python3.12/site-packages/django/core/handlers/exception.py", line 55, in inner
    response = get_response(request)
               ^^^^^^^^^^^^^^^^^^^^^
  File "/home/net/analyzer/env/lib/python3.12/site-packages/django/core/handlers/base.py", line 197, in _get_response
    response = wrapped_callback(request, *callback_args, **callback_kwargs)
               ^^^^^^^^^^^^^^^^^^^^^^^^^^^^^^^^^^^^^^^^^^^^^^^^^^^^^^^^^^^^
  File "/home/net/analyzer/env/lib/python3.12/site-packages/django/contrib/auth/decorators.py", line 59, in _view_wrapper
    return view_func(request, *args, **kwargs)
           ^^^^^^^^^^^^^^^^^^^^^^^^^^^^^^^^^^^
  File "/home/net/analyzer/dashboard/auth/decorators.py", line 52, in _wrapped_view
    return view_func(request, *args, **kwargs)
           ^^^^^^^^^^^^^^^^^^^^^^^^^^^^^^^^^^^
  File "/home/net/analyzer/dashboard/views/traffic.py", line 1056, in clickhouse_logs_view
    return render(request, 'dashboard/logs2_new.html', context)
           ^^^^^^^^^^^^^^^^^^^^^^^^^^^^^^^^^^^^^^^^^^^^^^^^^^^^
  File "/home/net/analyzer/env/lib/python3.12/site-packages/django/shortcuts.py", line 25, in render
    content = loader.render_to_string(template_name, context, request, using=using)
              ^^^^^^^^^^^^^^^^^^^^^^^^^^^^^^^^^^^^^^^^^^^^^^^^^^^^^^^^^^^^^^^^^^^^^
  File "/home/net/analyzer/env/lib/python3.12/site-packages/django/template/loader.py", line 62, in render_to_string
    return template.render(context, request)
           ^^^^^^^^^^^^^^^^^^^^^^^^^^^^^^^^^
  File "/home/net/analyzer/env/lib/python3.12/site-packages/django/template/backends/django.py", line 107, in render
    return self.template.render(context)
           ^^^^^^^^^^^^^^^^^^^^^^^^^^^^^
  File "/home/net/analyzer/env/lib/python3.12/site-packages/django/template/base.py", line 171, in render
    return self._render(context)
           ^^^^^^^^^^^^^^^^^^^^^
  File "/home/net/analyzer/env/lib/python3.12/site-packages/django/template/base.py", line 163, in _render
    return self.nodelist.render(context)
           ^^^^^^^^^^^^^^^^^^^^^^^^^^^^^
  File "/home/net/analyzer/env/lib/python3.12/site-packages/django/template/base.py", line 1016, in render
    return SafeString("".join([node.render_annotated(context) for node in self]))
                               ^^^^^^^^^^^^^^^^^^^^^^^^^^^^^^
  File "/home/net/analyzer/env/lib/python3.12/site-packages/django/template/base.py", line 977, in render_annotated
    return self.render(context)
           ^^^^^^^^^^^^^^^^^^^^
  File "/home/net/analyzer/env/lib/python3.12/site-packages/django/template/loader_tags.py", line 159, in render
    return compiled_parent._render(context)
           ^^^^^^^^^^^^^^^^^^^^^^^^^^^^^^^^
  File "/home/net/analyzer/env/lib/python3.12/site-packages/django/template/base.py", line 163, in _render
    return self.nodelist.render(context)
           ^^^^^^^^^^^^^^^^^^^^^^^^^^^^^
  File "/home/net/analyzer/env/lib/python3.12/site-packages/django/template/base.py", line 1016, in render
    return SafeString("".join([node.render_annotated(context) for node in self]))
                               ^^^^^^^^^^^^^^^^^^^^^^^^^^^^^^
  File "/home/net/analyzer/env/lib/python3.12/site-packages/django/template/base.py", line 977, in render_annotated
    return self.render(context)
           ^^^^^^^^^^^^^^^^^^^^
  File "/home/net/analyzer/env/lib/python3.12/site-packages/django/template/loader_tags.py", line 210, in render
    return template.render(context)
           ^^^^^^^^^^^^^^^^^^^^^^^^
  File "/home/net/analyzer/env/lib/python3.12/site-packages/django/template/base.py", line 173, in render
    return self._render(context)
           ^^^^^^^^^^^^^^^^^^^^^
  File "/home/net/analyzer/env/lib/python3.12/site-packages/django/template/base.py", line 163, in _render
    return self.nodelist.render(context)
           ^^^^^^^^^^^^^^^^^^^^^^^^^^^^^
  File "/home/net/analyzer/env/lib/python3.12/site-packages/django/template/base.py", line 1016, in render
    return SafeString("".join([node.render_annotated(context) for node in self]))
                               ^^^^^^^^^^^^^^^^^^^^^^^^^^^^^^
  File "/home/net/analyzer/env/lib/python3.12/site-packages/django/template/base.py", line 977, in render_annotated
    return self.render(context)
           ^^^^^^^^^^^^^^^^^^^^
  File "/home/net/analyzer/env/lib/python3.12/site-packages/django/template/defaulttags.py", line 480, in render
    url = reverse(view_name, args=args, kwargs=kwargs, current_app=current_app)
          ^^^^^^^^^^^^^^^^^^^^^^^^^^^^^^^^^^^^^^^^^^^^^^^^^^^^^^^^^^^^^^^^^^^^^
  File "/home/net/analyzer/env/lib/python3.12/site-packages/django/urls/base.py", line 98, in reverse
    resolved_url = resolver._reverse_with_prefix(view, prefix, *args, **kwargs)
                   ^^^^^^^^^^^^^^^^^^^^^^^^^^^^^^^^^^^^^^^^^^^^^^^^^^^^^^^^^^^^
  File "/home/net/analyzer/env/lib/python3.12/site-packages/django/urls/resolvers.py", line 831, in _reverse_with_prefix
    raise NoReverseMatch(msg)
django.urls.exceptions.NoReverseMatch: Reverse for 'top_summary' not found. 'top_summary' is not a valid view function or pattern name.
ERROR 2025-08-25 11:53:40,979 basehttp 1008771 132160908424896 "GET / HTTP/1.1" 500 338293
INFO 2025-08-25 11:53:48,107 autoreload 1008772 138910692339840 /home/net/analyzer/fwanalyzer/urls.py changed, reloading.
INFO 2025-08-25 11:53:48,108 autoreload 1008771 132161053134976 /home/net/analyzer/fwanalyzer/urls.py changed, reloading.
INFO 2025-08-25 11:53:48,409 autoreload 1009411 140719909761152 Watching for file changes with StatReloader
INFO 2025-08-25 11:53:48,418 autoreload 1009412 129646562492544 Watching for file changes with StatReloader
INFO 2025-08-25 11:53:55,711 autoreload 1009412 129646562492544 /home/net/analyzer/fwanalyzer/urls.py changed, reloading.
INFO 2025-08-25 11:53:55,726 autoreload 1009411 140719909761152 /home/net/analyzer/fwanalyzer/urls.py changed, reloading.
INFO 2025-08-25 11:53:56,017 autoreload 1009571 124445519495296 Watching for file changes with StatReloader
INFO 2025-08-25 11:53:56,027 autoreload 1009572 128575500783744 Watching for file changes with StatReloader
ERROR 2025-08-25 11:54:25,611 log 1009571 124445379507904 Internal Server Error: /
Traceback (most recent call last):
  File "/home/net/analyzer/env/lib/python3.12/site-packages/django/core/handlers/exception.py", line 55, in inner
    response = get_response(request)
               ^^^^^^^^^^^^^^^^^^^^^
  File "/home/net/analyzer/env/lib/python3.12/site-packages/django/core/handlers/base.py", line 197, in _get_response
    response = wrapped_callback(request, *callback_args, **callback_kwargs)
               ^^^^^^^^^^^^^^^^^^^^^^^^^^^^^^^^^^^^^^^^^^^^^^^^^^^^^^^^^^^^
  File "/home/net/analyzer/env/lib/python3.12/site-packages/django/contrib/auth/decorators.py", line 59, in _view_wrapper
    return view_func(request, *args, **kwargs)
           ^^^^^^^^^^^^^^^^^^^^^^^^^^^^^^^^^^^
  File "/home/net/analyzer/dashboard/auth/decorators.py", line 52, in _wrapped_view
    return view_func(request, *args, **kwargs)
           ^^^^^^^^^^^^^^^^^^^^^^^^^^^^^^^^^^^
  File "/home/net/analyzer/dashboard/views/traffic.py", line 1056, in clickhouse_logs_view
    return render(request, 'dashboard/logs2_new.html', context)
           ^^^^^^^^^^^^^^^^^^^^^^^^^^^^^^^^^^^^^^^^^^^^^^^^^^^^
  File "/home/net/analyzer/env/lib/python3.12/site-packages/django/shortcuts.py", line 25, in render
    content = loader.render_to_string(template_name, context, request, using=using)
              ^^^^^^^^^^^^^^^^^^^^^^^^^^^^^^^^^^^^^^^^^^^^^^^^^^^^^^^^^^^^^^^^^^^^^
  File "/home/net/analyzer/env/lib/python3.12/site-packages/django/template/loader.py", line 62, in render_to_string
    return template.render(context, request)
           ^^^^^^^^^^^^^^^^^^^^^^^^^^^^^^^^^
  File "/home/net/analyzer/env/lib/python3.12/site-packages/django/template/backends/django.py", line 107, in render
    return self.template.render(context)
           ^^^^^^^^^^^^^^^^^^^^^^^^^^^^^
  File "/home/net/analyzer/env/lib/python3.12/site-packages/django/template/base.py", line 171, in render
    return self._render(context)
           ^^^^^^^^^^^^^^^^^^^^^
  File "/home/net/analyzer/env/lib/python3.12/site-packages/django/template/base.py", line 163, in _render
    return self.nodelist.render(context)
           ^^^^^^^^^^^^^^^^^^^^^^^^^^^^^
  File "/home/net/analyzer/env/lib/python3.12/site-packages/django/template/base.py", line 1016, in render
    return SafeString("".join([node.render_annotated(context) for node in self]))
                               ^^^^^^^^^^^^^^^^^^^^^^^^^^^^^^
  File "/home/net/analyzer/env/lib/python3.12/site-packages/django/template/base.py", line 977, in render_annotated
    return self.render(context)
           ^^^^^^^^^^^^^^^^^^^^
  File "/home/net/analyzer/env/lib/python3.12/site-packages/django/template/loader_tags.py", line 159, in render
    return compiled_parent._render(context)
           ^^^^^^^^^^^^^^^^^^^^^^^^^^^^^^^^
  File "/home/net/analyzer/env/lib/python3.12/site-packages/django/template/base.py", line 163, in _render
    return self.nodelist.render(context)
           ^^^^^^^^^^^^^^^^^^^^^^^^^^^^^
  File "/home/net/analyzer/env/lib/python3.12/site-packages/django/template/base.py", line 1016, in render
    return SafeString("".join([node.render_annotated(context) for node in self]))
                               ^^^^^^^^^^^^^^^^^^^^^^^^^^^^^^
  File "/home/net/analyzer/env/lib/python3.12/site-packages/django/template/base.py", line 977, in render_annotated
    return self.render(context)
           ^^^^^^^^^^^^^^^^^^^^
  File "/home/net/analyzer/env/lib/python3.12/site-packages/django/template/loader_tags.py", line 210, in render
    return template.render(context)
           ^^^^^^^^^^^^^^^^^^^^^^^^
  File "/home/net/analyzer/env/lib/python3.12/site-packages/django/template/base.py", line 173, in render
    return self._render(context)
           ^^^^^^^^^^^^^^^^^^^^^
  File "/home/net/analyzer/env/lib/python3.12/site-packages/django/template/base.py", line 163, in _render
    return self.nodelist.render(context)
           ^^^^^^^^^^^^^^^^^^^^^^^^^^^^^
  File "/home/net/analyzer/env/lib/python3.12/site-packages/django/template/base.py", line 1016, in render
    return SafeString("".join([node.render_annotated(context) for node in self]))
                               ^^^^^^^^^^^^^^^^^^^^^^^^^^^^^^
  File "/home/net/analyzer/env/lib/python3.12/site-packages/django/template/base.py", line 977, in render_annotated
    return self.render(context)
           ^^^^^^^^^^^^^^^^^^^^
  File "/home/net/analyzer/env/lib/python3.12/site-packages/django/template/defaulttags.py", line 327, in render
    return nodelist.render(context)
           ^^^^^^^^^^^^^^^^^^^^^^^^
  File "/home/net/analyzer/env/lib/python3.12/site-packages/django/template/base.py", line 1016, in render
    return SafeString("".join([node.render_annotated(context) for node in self]))
                               ^^^^^^^^^^^^^^^^^^^^^^^^^^^^^^
  File "/home/net/analyzer/env/lib/python3.12/site-packages/django/template/base.py", line 977, in render_annotated
    return self.render(context)
           ^^^^^^^^^^^^^^^^^^^^
  File "/home/net/analyzer/env/lib/python3.12/site-packages/django/template/defaulttags.py", line 480, in render
    url = reverse(view_name, args=args, kwargs=kwargs, current_app=current_app)
          ^^^^^^^^^^^^^^^^^^^^^^^^^^^^^^^^^^^^^^^^^^^^^^^^^^^^^^^^^^^^^^^^^^^^^
  File "/home/net/analyzer/env/lib/python3.12/site-packages/django/urls/base.py", line 98, in reverse
    resolved_url = resolver._reverse_with_prefix(view, prefix, *args, **kwargs)
                   ^^^^^^^^^^^^^^^^^^^^^^^^^^^^^^^^^^^^^^^^^^^^^^^^^^^^^^^^^^^^
  File "/home/net/analyzer/env/lib/python3.12/site-packages/django/urls/resolvers.py", line 831, in _reverse_with_prefix
    raise NoReverseMatch(msg)
django.urls.exceptions.NoReverseMatch: Reverse for 'profile' not found. 'profile' is not a valid view function or pattern name.
ERROR 2025-08-25 11:54:25,629 basehttp 1009571 124445379507904 "GET / HTTP/1.1" 500 372954
ERROR 2025-08-25 11:54:30,720 log 1009571 124445379507904 Internal Server Error: /
Traceback (most recent call last):
  File "/home/net/analyzer/env/lib/python3.12/site-packages/django/core/handlers/exception.py", line 55, in inner
    response = get_response(request)
               ^^^^^^^^^^^^^^^^^^^^^
  File "/home/net/analyzer/env/lib/python3.12/site-packages/django/core/handlers/base.py", line 197, in _get_response
    response = wrapped_callback(request, *callback_args, **callback_kwargs)
               ^^^^^^^^^^^^^^^^^^^^^^^^^^^^^^^^^^^^^^^^^^^^^^^^^^^^^^^^^^^^
  File "/home/net/analyzer/env/lib/python3.12/site-packages/django/contrib/auth/decorators.py", line 59, in _view_wrapper
    return view_func(request, *args, **kwargs)
           ^^^^^^^^^^^^^^^^^^^^^^^^^^^^^^^^^^^
  File "/home/net/analyzer/dashboard/auth/decorators.py", line 52, in _wrapped_view
    return view_func(request, *args, **kwargs)
           ^^^^^^^^^^^^^^^^^^^^^^^^^^^^^^^^^^^
  File "/home/net/analyzer/dashboard/views/traffic.py", line 1056, in clickhouse_logs_view
    return render(request, 'dashboard/logs2_new.html', context)
           ^^^^^^^^^^^^^^^^^^^^^^^^^^^^^^^^^^^^^^^^^^^^^^^^^^^^
  File "/home/net/analyzer/env/lib/python3.12/site-packages/django/shortcuts.py", line 25, in render
    content = loader.render_to_string(template_name, context, request, using=using)
              ^^^^^^^^^^^^^^^^^^^^^^^^^^^^^^^^^^^^^^^^^^^^^^^^^^^^^^^^^^^^^^^^^^^^^
  File "/home/net/analyzer/env/lib/python3.12/site-packages/django/template/loader.py", line 62, in render_to_string
    return template.render(context, request)
           ^^^^^^^^^^^^^^^^^^^^^^^^^^^^^^^^^
  File "/home/net/analyzer/env/lib/python3.12/site-packages/django/template/backends/django.py", line 107, in render
    return self.template.render(context)
           ^^^^^^^^^^^^^^^^^^^^^^^^^^^^^
  File "/home/net/analyzer/env/lib/python3.12/site-packages/django/template/base.py", line 171, in render
    return self._render(context)
           ^^^^^^^^^^^^^^^^^^^^^
  File "/home/net/analyzer/env/lib/python3.12/site-packages/django/template/base.py", line 163, in _render
    return self.nodelist.render(context)
           ^^^^^^^^^^^^^^^^^^^^^^^^^^^^^
  File "/home/net/analyzer/env/lib/python3.12/site-packages/django/template/base.py", line 1016, in render
    return SafeString("".join([node.render_annotated(context) for node in self]))
                               ^^^^^^^^^^^^^^^^^^^^^^^^^^^^^^
  File "/home/net/analyzer/env/lib/python3.12/site-packages/django/template/base.py", line 977, in render_annotated
    return self.render(context)
           ^^^^^^^^^^^^^^^^^^^^
  File "/home/net/analyzer/env/lib/python3.12/site-packages/django/template/loader_tags.py", line 159, in render
    return compiled_parent._render(context)
           ^^^^^^^^^^^^^^^^^^^^^^^^^^^^^^^^
  File "/home/net/analyzer/env/lib/python3.12/site-packages/django/template/base.py", line 163, in _render
    return self.nodelist.render(context)
           ^^^^^^^^^^^^^^^^^^^^^^^^^^^^^
  File "/home/net/analyzer/env/lib/python3.12/site-packages/django/template/base.py", line 1016, in render
    return SafeString("".join([node.render_annotated(context) for node in self]))
                               ^^^^^^^^^^^^^^^^^^^^^^^^^^^^^^
  File "/home/net/analyzer/env/lib/python3.12/site-packages/django/template/base.py", line 977, in render_annotated
    return self.render(context)
           ^^^^^^^^^^^^^^^^^^^^
  File "/home/net/analyzer/env/lib/python3.12/site-packages/django/template/loader_tags.py", line 210, in render
    return template.render(context)
           ^^^^^^^^^^^^^^^^^^^^^^^^
  File "/home/net/analyzer/env/lib/python3.12/site-packages/django/template/base.py", line 173, in render
    return self._render(context)
           ^^^^^^^^^^^^^^^^^^^^^
  File "/home/net/analyzer/env/lib/python3.12/site-packages/django/template/base.py", line 163, in _render
    return self.nodelist.render(context)
           ^^^^^^^^^^^^^^^^^^^^^^^^^^^^^
  File "/home/net/analyzer/env/lib/python3.12/site-packages/django/template/base.py", line 1016, in render
    return SafeString("".join([node.render_annotated(context) for node in self]))
                               ^^^^^^^^^^^^^^^^^^^^^^^^^^^^^^
  File "/home/net/analyzer/env/lib/python3.12/site-packages/django/template/base.py", line 977, in render_annotated
    return self.render(context)
           ^^^^^^^^^^^^^^^^^^^^
  File "/home/net/analyzer/env/lib/python3.12/site-packages/django/template/defaulttags.py", line 327, in render
    return nodelist.render(context)
           ^^^^^^^^^^^^^^^^^^^^^^^^
  File "/home/net/analyzer/env/lib/python3.12/site-packages/django/template/base.py", line 1016, in render
    return SafeString("".join([node.render_annotated(context) for node in self]))
                               ^^^^^^^^^^^^^^^^^^^^^^^^^^^^^^
  File "/home/net/analyzer/env/lib/python3.12/site-packages/django/template/base.py", line 977, in render_annotated
    return self.render(context)
           ^^^^^^^^^^^^^^^^^^^^
  File "/home/net/analyzer/env/lib/python3.12/site-packages/django/template/defaulttags.py", line 480, in render
    url = reverse(view_name, args=args, kwargs=kwargs, current_app=current_app)
          ^^^^^^^^^^^^^^^^^^^^^^^^^^^^^^^^^^^^^^^^^^^^^^^^^^^^^^^^^^^^^^^^^^^^^
  File "/home/net/analyzer/env/lib/python3.12/site-packages/django/urls/base.py", line 98, in reverse
    resolved_url = resolver._reverse_with_prefix(view, prefix, *args, **kwargs)
                   ^^^^^^^^^^^^^^^^^^^^^^^^^^^^^^^^^^^^^^^^^^^^^^^^^^^^^^^^^^^^
  File "/home/net/analyzer/env/lib/python3.12/site-packages/django/urls/resolvers.py", line 831, in _reverse_with_prefix
    raise NoReverseMatch(msg)
django.urls.exceptions.NoReverseMatch: Reverse for 'profile' not found. 'profile' is not a valid view function or pattern name.
ERROR 2025-08-25 11:54:30,732 basehttp 1009571 124445379507904 "GET / HTTP/1.1" 500 359925
ERROR 2025-08-25 11:55:28,098 log 1009571 124445379507904 Internal Server Error: /
Traceback (most recent call last):
  File "/home/net/analyzer/env/lib/python3.12/site-packages/django/core/handlers/exception.py", line 55, in inner
    response = get_response(request)
               ^^^^^^^^^^^^^^^^^^^^^
  File "/home/net/analyzer/env/lib/python3.12/site-packages/django/core/handlers/base.py", line 197, in _get_response
    response = wrapped_callback(request, *callback_args, **callback_kwargs)
               ^^^^^^^^^^^^^^^^^^^^^^^^^^^^^^^^^^^^^^^^^^^^^^^^^^^^^^^^^^^^
  File "/home/net/analyzer/env/lib/python3.12/site-packages/django/contrib/auth/decorators.py", line 59, in _view_wrapper
    return view_func(request, *args, **kwargs)
           ^^^^^^^^^^^^^^^^^^^^^^^^^^^^^^^^^^^
  File "/home/net/analyzer/dashboard/auth/decorators.py", line 52, in _wrapped_view
    return view_func(request, *args, **kwargs)
           ^^^^^^^^^^^^^^^^^^^^^^^^^^^^^^^^^^^
  File "/home/net/analyzer/dashboard/views/traffic.py", line 1056, in clickhouse_logs_view
    return render(request, 'dashboard/logs2_new.html', context)
           ^^^^^^^^^^^^^^^^^^^^^^^^^^^^^^^^^^^^^^^^^^^^^^^^^^^^
  File "/home/net/analyzer/env/lib/python3.12/site-packages/django/shortcuts.py", line 25, in render
    content = loader.render_to_string(template_name, context, request, using=using)
              ^^^^^^^^^^^^^^^^^^^^^^^^^^^^^^^^^^^^^^^^^^^^^^^^^^^^^^^^^^^^^^^^^^^^^
  File "/home/net/analyzer/env/lib/python3.12/site-packages/django/template/loader.py", line 62, in render_to_string
    return template.render(context, request)
           ^^^^^^^^^^^^^^^^^^^^^^^^^^^^^^^^^
  File "/home/net/analyzer/env/lib/python3.12/site-packages/django/template/backends/django.py", line 107, in render
    return self.template.render(context)
           ^^^^^^^^^^^^^^^^^^^^^^^^^^^^^
  File "/home/net/analyzer/env/lib/python3.12/site-packages/django/template/base.py", line 171, in render
    return self._render(context)
           ^^^^^^^^^^^^^^^^^^^^^
  File "/home/net/analyzer/env/lib/python3.12/site-packages/django/template/base.py", line 163, in _render
    return self.nodelist.render(context)
           ^^^^^^^^^^^^^^^^^^^^^^^^^^^^^
  File "/home/net/analyzer/env/lib/python3.12/site-packages/django/template/base.py", line 1016, in render
    return SafeString("".join([node.render_annotated(context) for node in self]))
                               ^^^^^^^^^^^^^^^^^^^^^^^^^^^^^^
  File "/home/net/analyzer/env/lib/python3.12/site-packages/django/template/base.py", line 977, in render_annotated
    return self.render(context)
           ^^^^^^^^^^^^^^^^^^^^
  File "/home/net/analyzer/env/lib/python3.12/site-packages/django/template/loader_tags.py", line 159, in render
    return compiled_parent._render(context)
           ^^^^^^^^^^^^^^^^^^^^^^^^^^^^^^^^
  File "/home/net/analyzer/env/lib/python3.12/site-packages/django/template/base.py", line 163, in _render
    return self.nodelist.render(context)
           ^^^^^^^^^^^^^^^^^^^^^^^^^^^^^
  File "/home/net/analyzer/env/lib/python3.12/site-packages/django/template/base.py", line 1016, in render
    return SafeString("".join([node.render_annotated(context) for node in self]))
                               ^^^^^^^^^^^^^^^^^^^^^^^^^^^^^^
  File "/home/net/analyzer/env/lib/python3.12/site-packages/django/template/base.py", line 977, in render_annotated
    return self.render(context)
           ^^^^^^^^^^^^^^^^^^^^
  File "/home/net/analyzer/env/lib/python3.12/site-packages/django/template/loader_tags.py", line 210, in render
    return template.render(context)
           ^^^^^^^^^^^^^^^^^^^^^^^^
  File "/home/net/analyzer/env/lib/python3.12/site-packages/django/template/base.py", line 173, in render
    return self._render(context)
           ^^^^^^^^^^^^^^^^^^^^^
  File "/home/net/analyzer/env/lib/python3.12/site-packages/django/template/base.py", line 163, in _render
    return self.nodelist.render(context)
           ^^^^^^^^^^^^^^^^^^^^^^^^^^^^^
  File "/home/net/analyzer/env/lib/python3.12/site-packages/django/template/base.py", line 1016, in render
    return SafeString("".join([node.render_annotated(context) for node in self]))
                               ^^^^^^^^^^^^^^^^^^^^^^^^^^^^^^
  File "/home/net/analyzer/env/lib/python3.12/site-packages/django/template/base.py", line 977, in render_annotated
    return self.render(context)
           ^^^^^^^^^^^^^^^^^^^^
  File "/home/net/analyzer/env/lib/python3.12/site-packages/django/template/defaulttags.py", line 327, in render
    return nodelist.render(context)
           ^^^^^^^^^^^^^^^^^^^^^^^^
  File "/home/net/analyzer/env/lib/python3.12/site-packages/django/template/base.py", line 1016, in render
    return SafeString("".join([node.render_annotated(context) for node in self]))
                               ^^^^^^^^^^^^^^^^^^^^^^^^^^^^^^
  File "/home/net/analyzer/env/lib/python3.12/site-packages/django/template/base.py", line 977, in render_annotated
    return self.render(context)
           ^^^^^^^^^^^^^^^^^^^^
  File "/home/net/analyzer/env/lib/python3.12/site-packages/django/template/defaulttags.py", line 480, in render
    url = reverse(view_name, args=args, kwargs=kwargs, current_app=current_app)
          ^^^^^^^^^^^^^^^^^^^^^^^^^^^^^^^^^^^^^^^^^^^^^^^^^^^^^^^^^^^^^^^^^^^^^
  File "/home/net/analyzer/env/lib/python3.12/site-packages/django/urls/base.py", line 98, in reverse
    resolved_url = resolver._reverse_with_prefix(view, prefix, *args, **kwargs)
                   ^^^^^^^^^^^^^^^^^^^^^^^^^^^^^^^^^^^^^^^^^^^^^^^^^^^^^^^^^^^^
  File "/home/net/analyzer/env/lib/python3.12/site-packages/django/urls/resolvers.py", line 831, in _reverse_with_prefix
    raise NoReverseMatch(msg)
django.urls.exceptions.NoReverseMatch: Reverse for 'profile' not found. 'profile' is not a valid view function or pattern name.
ERROR 2025-08-25 11:55:28,109 basehttp 1009571 124445379507904 "GET / HTTP/1.1" 500 370557
ERROR 2025-08-25 11:55:49,786 log 1009571 124445379507904 Internal Server Error: /
Traceback (most recent call last):
  File "/home/net/analyzer/env/lib/python3.12/site-packages/django/core/handlers/exception.py", line 55, in inner
    response = get_response(request)
               ^^^^^^^^^^^^^^^^^^^^^
  File "/home/net/analyzer/env/lib/python3.12/site-packages/django/core/handlers/base.py", line 197, in _get_response
    response = wrapped_callback(request, *callback_args, **callback_kwargs)
               ^^^^^^^^^^^^^^^^^^^^^^^^^^^^^^^^^^^^^^^^^^^^^^^^^^^^^^^^^^^^
  File "/home/net/analyzer/env/lib/python3.12/site-packages/django/contrib/auth/decorators.py", line 59, in _view_wrapper
    return view_func(request, *args, **kwargs)
           ^^^^^^^^^^^^^^^^^^^^^^^^^^^^^^^^^^^
  File "/home/net/analyzer/dashboard/auth/decorators.py", line 52, in _wrapped_view
    return view_func(request, *args, **kwargs)
           ^^^^^^^^^^^^^^^^^^^^^^^^^^^^^^^^^^^
  File "/home/net/analyzer/dashboard/views/traffic.py", line 1056, in clickhouse_logs_view
    return render(request, 'dashboard/logs2_new.html', context)
           ^^^^^^^^^^^^^^^^^^^^^^^^^^^^^^^^^^^^^^^^^^^^^^^^^^^^
  File "/home/net/analyzer/env/lib/python3.12/site-packages/django/shortcuts.py", line 25, in render
    content = loader.render_to_string(template_name, context, request, using=using)
              ^^^^^^^^^^^^^^^^^^^^^^^^^^^^^^^^^^^^^^^^^^^^^^^^^^^^^^^^^^^^^^^^^^^^^
  File "/home/net/analyzer/env/lib/python3.12/site-packages/django/template/loader.py", line 62, in render_to_string
    return template.render(context, request)
           ^^^^^^^^^^^^^^^^^^^^^^^^^^^^^^^^^
  File "/home/net/analyzer/env/lib/python3.12/site-packages/django/template/backends/django.py", line 107, in render
    return self.template.render(context)
           ^^^^^^^^^^^^^^^^^^^^^^^^^^^^^
  File "/home/net/analyzer/env/lib/python3.12/site-packages/django/template/base.py", line 171, in render
    return self._render(context)
           ^^^^^^^^^^^^^^^^^^^^^
  File "/home/net/analyzer/env/lib/python3.12/site-packages/django/template/base.py", line 163, in _render
    return self.nodelist.render(context)
           ^^^^^^^^^^^^^^^^^^^^^^^^^^^^^
  File "/home/net/analyzer/env/lib/python3.12/site-packages/django/template/base.py", line 1016, in render
    return SafeString("".join([node.render_annotated(context) for node in self]))
                               ^^^^^^^^^^^^^^^^^^^^^^^^^^^^^^
  File "/home/net/analyzer/env/lib/python3.12/site-packages/django/template/base.py", line 977, in render_annotated
    return self.render(context)
           ^^^^^^^^^^^^^^^^^^^^
  File "/home/net/analyzer/env/lib/python3.12/site-packages/django/template/loader_tags.py", line 159, in render
    return compiled_parent._render(context)
           ^^^^^^^^^^^^^^^^^^^^^^^^^^^^^^^^
  File "/home/net/analyzer/env/lib/python3.12/site-packages/django/template/base.py", line 163, in _render
    return self.nodelist.render(context)
           ^^^^^^^^^^^^^^^^^^^^^^^^^^^^^
  File "/home/net/analyzer/env/lib/python3.12/site-packages/django/template/base.py", line 1016, in render
    return SafeString("".join([node.render_annotated(context) for node in self]))
                               ^^^^^^^^^^^^^^^^^^^^^^^^^^^^^^
  File "/home/net/analyzer/env/lib/python3.12/site-packages/django/template/base.py", line 977, in render_annotated
    return self.render(context)
           ^^^^^^^^^^^^^^^^^^^^
  File "/home/net/analyzer/env/lib/python3.12/site-packages/django/template/loader_tags.py", line 210, in render
    return template.render(context)
           ^^^^^^^^^^^^^^^^^^^^^^^^
  File "/home/net/analyzer/env/lib/python3.12/site-packages/django/template/base.py", line 173, in render
    return self._render(context)
           ^^^^^^^^^^^^^^^^^^^^^
  File "/home/net/analyzer/env/lib/python3.12/site-packages/django/template/base.py", line 163, in _render
    return self.nodelist.render(context)
           ^^^^^^^^^^^^^^^^^^^^^^^^^^^^^
  File "/home/net/analyzer/env/lib/python3.12/site-packages/django/template/base.py", line 1016, in render
    return SafeString("".join([node.render_annotated(context) for node in self]))
                               ^^^^^^^^^^^^^^^^^^^^^^^^^^^^^^
  File "/home/net/analyzer/env/lib/python3.12/site-packages/django/template/base.py", line 977, in render_annotated
    return self.render(context)
           ^^^^^^^^^^^^^^^^^^^^
  File "/home/net/analyzer/env/lib/python3.12/site-packages/django/template/defaulttags.py", line 327, in render
    return nodelist.render(context)
           ^^^^^^^^^^^^^^^^^^^^^^^^
  File "/home/net/analyzer/env/lib/python3.12/site-packages/django/template/base.py", line 1016, in render
    return SafeString("".join([node.render_annotated(context) for node in self]))
                               ^^^^^^^^^^^^^^^^^^^^^^^^^^^^^^
  File "/home/net/analyzer/env/lib/python3.12/site-packages/django/template/base.py", line 977, in render_annotated
    return self.render(context)
           ^^^^^^^^^^^^^^^^^^^^
  File "/home/net/analyzer/env/lib/python3.12/site-packages/django/template/defaulttags.py", line 480, in render
    url = reverse(view_name, args=args, kwargs=kwargs, current_app=current_app)
          ^^^^^^^^^^^^^^^^^^^^^^^^^^^^^^^^^^^^^^^^^^^^^^^^^^^^^^^^^^^^^^^^^^^^^
  File "/home/net/analyzer/env/lib/python3.12/site-packages/django/urls/base.py", line 98, in reverse
    resolved_url = resolver._reverse_with_prefix(view, prefix, *args, **kwargs)
                   ^^^^^^^^^^^^^^^^^^^^^^^^^^^^^^^^^^^^^^^^^^^^^^^^^^^^^^^^^^^^
  File "/home/net/analyzer/env/lib/python3.12/site-packages/django/urls/resolvers.py", line 831, in _reverse_with_prefix
    raise NoReverseMatch(msg)
django.urls.exceptions.NoReverseMatch: Reverse for 'profile' not found. 'profile' is not a valid view function or pattern name.
ERROR 2025-08-25 11:55:49,800 basehttp 1009571 124445379507904 "GET / HTTP/1.1" 500 372962
INFO 2025-08-25 11:56:16,301 autoreload 1009572 128575500783744 /home/net/analyzer/dashboard/urls.py changed, reloading.
INFO 2025-08-25 11:56:16,471 autoreload 1009571 124445519495296 /home/net/analyzer/dashboard/urls.py changed, reloading.
INFO 2025-08-25 11:56:16,594 autoreload 1012547 129415363694720 Watching for file changes with StatReloader
INFO 2025-08-25 11:56:16,789 autoreload 1012548 132956578484352 Watching for file changes with StatReloader
INFO 2025-08-25 11:56:39,923 autoreload 1012547 129415363694720 /home/net/analyzer/dashboard/views/auth.py changed, reloading.
INFO 2025-08-25 11:56:40,121 autoreload 1012548 132956578484352 /home/net/analyzer/dashboard/views/auth.py changed, reloading.
INFO 2025-08-25 11:56:40,196 autoreload 1012979 129966581588096 Watching for file changes with StatReloader
INFO 2025-08-25 11:56:40,398 autoreload 1012980 132144699998336 Watching for file changes with StatReloader
INFO 2025-08-25 11:56:40,942 basehttp 1012980 132144627857088 "GET / HTTP/1.1" 200 100707
INFO 2025-08-25 11:56:41,003 basehttp 1012980 132144627857088 "GET /static/dashboard/css/auth.css HTTP/1.1" 304 0
INFO 2025-08-25 11:56:41,015 basehttp 1012980 132144618415808 "GET /static/dashboard/js/auth.js HTTP/1.1" 200 24130
WARNING 2025-08-25 11:56:45,874 log 1012980 132144618415808 Not Found: /auth/notifications/mark-read/
WARNING 2025-08-25 11:56:45,875 basehttp 1012980 132144618415808 "POST /auth/notifications/mark-read/ HTTP/1.1" 404 4452
WARNING 2025-08-25 11:57:11,270 log 1012980 132144618415808 Not Found: /auth/notifications/check/
WARNING 2025-08-25 11:57:11,270 basehttp 1012980 132144618415808 "GET /auth/notifications/check/ HTTP/1.1" 404 4439
WARNING 2025-08-25 11:57:41,238 log 1012980 132144618415808 Not Found: /auth/notifications/check/
WARNING 2025-08-25 11:57:41,238 basehttp 1012980 132144618415808 "GET /auth/notifications/check/ HTTP/1.1" 404 4439
INFO 2025-08-25 11:57:41,528 basehttp 1012980 132144618415808 "GET / HTTP/1.1" 200 100723
WARNING 2025-08-25 11:58:11,610 log 1012980 132144618415808 Not Found: /auth/notifications/check/
WARNING 2025-08-25 11:58:11,611 basehttp 1012980 132144618415808 "GET /auth/notifications/check/ HTTP/1.1" 404 4439
WARNING 2025-08-25 11:58:41,634 log 1012980 132144618415808 Not Found: /auth/notifications/check/
WARNING 2025-08-25 11:58:41,634 basehttp 1012980 132144618415808 "GET /auth/notifications/check/ HTTP/1.1" 404 4439
INFO 2025-08-25 11:59:05,176 autoreload 1016017 124021525581952 Watching for file changes with StatReloader
WARNING 2025-08-25 11:59:11,614 log 1012980 132144618415808 Not Found: /auth/notifications/check/
WARNING 2025-08-25 11:59:11,614 basehttp 1012980 132144618415808 "GET /auth/notifications/check/ HTTP/1.1" 404 4439
INFO 2025-08-25 11:59:19,127 basehttp 1012980 132144610023104 "HEAD / HTTP/1.1" 302 0
INFO 2025-08-25 11:59:24,567 basehttp 1012980 132144610023104 "GET / HTTP/1.1" 302 0
WARNING 2025-08-25 11:59:41,627 log 1012980 132144618415808 Not Found: /auth/notifications/check/
WARNING 2025-08-25 11:59:41,627 basehttp 1012980 132144618415808 "GET /auth/notifications/check/ HTTP/1.1" 404 4439
INFO 2025-08-25 12:00:16,890 autoreload 1017716 137007216664704 Watching for file changes with StatReloader
INFO 2025-08-25 12:00:17,341 basehttp 1017716 137007144527552 "GET / HTTP/1.1" 200 102700
INFO 2025-08-25 12:02:46,051 autoreload 1019746 137633220636800 Watching for file changes with StatReloader
INFO 2025-08-25 12:02:46,706 basehttp 1019746 137633081050816 "GET / HTTP/1.1" 200 100767
WARNING 2025-08-25 12:02:50,827 log 1019746 137633081050816 Not Found: /auth/notifications/mark-read/
WARNING 2025-08-25 12:02:50,827 basehttp 1019746 137633081050816 "POST /auth/notifications/mark-read/ HTTP/1.1" 404 4452
WARNING 2025-08-25 12:03:16,854 log 1019746 137633081050816 Not Found: /auth/notifications/check/
WARNING 2025-08-25 12:03:16,855 basehttp 1019746 137633081050816 "GET /auth/notifications/check/ HTTP/1.1" 404 4439
WARNING 2025-08-25 12:03:46,841 log 1019746 137633081050816 Not Found: /auth/notifications/check/
WARNING 2025-08-25 12:03:46,841 basehttp 1019746 137633081050816 "GET /auth/notifications/check/ HTTP/1.1" 404 4439
WARNING 2025-08-25 12:04:16,855 log 1019746 137633081050816 Not Found: /auth/notifications/check/
WARNING 2025-08-25 12:04:16,855 basehttp 1019746 137633081050816 "GET /auth/notifications/check/ HTTP/1.1" 404 4439
WARNING 2025-08-25 12:04:46,833 log 1019746 137633081050816 Not Found: /auth/notifications/check/
WARNING 2025-08-25 12:04:46,834 basehttp 1019746 137633081050816 "GET /auth/notifications/check/ HTTP/1.1" 404 4439
WARNING 2025-08-25 12:05:16,838 log 1019746 137633081050816 Not Found: /auth/notifications/check/
WARNING 2025-08-25 12:05:16,838 basehttp 1019746 137633081050816 "GET /auth/notifications/check/ HTTP/1.1" 404 4439
WARNING 2025-08-25 12:05:46,835 log 1019746 137633081050816 Not Found: /auth/notifications/check/
WARNING 2025-08-25 12:05:46,835 basehttp 1019746 137633081050816 "GET /auth/notifications/check/ HTTP/1.1" 404 4439
INFO 2025-08-25 12:05:49,135 basehttp 1019746 137633081050816 "GET / HTTP/1.1" 200 101514
INFO 2025-08-25 12:05:49,201 basehttp 1019746 137633081050816 "GET /static/dashboard/css/auth.css HTTP/1.1" 304 0
INFO 2025-08-25 12:05:49,202 basehttp 1019746 137633063216832 "GET /static/dashboard/js/auth.js HTTP/1.1" 304 0
INFO 2025-08-25 12:05:50,224 basehttp 1019746 137633081050816 "GET / HTTP/1.1" 200 100724
INFO 2025-08-25 12:05:51,675 basehttp 1019746 137633081050816 "GET / HTTP/1.1" 200 101241
INFO 2025-08-25 12:05:52,879 basehttp 1019746 137633081050816 "GET / HTTP/1.1" 200 102511
INFO 2025-08-25 12:05:54,363 basehttp 1019746 137633081050816 "GET / HTTP/1.1" 200 102296
INFO 2025-08-25 12:05:55,487 basehttp 1019746 137633081050816 "GET / HTTP/1.1" 200 100764
WARNING 2025-08-25 12:06:25,693 log 1019746 137633081050816 Not Found: /auth/notifications/check/
WARNING 2025-08-25 12:06:25,693 basehttp 1019746 137633081050816 "GET /auth/notifications/check/ HTTP/1.1" 404 4439
WARNING 2025-08-25 12:06:55,681 log 1019746 137633081050816 Not Found: /auth/notifications/check/
WARNING 2025-08-25 12:06:55,681 basehttp 1019746 137633081050816 "GET /auth/notifications/check/ HTTP/1.1" 404 4439
WARNING 2025-08-25 12:07:25,679 log 1019746 137633081050816 Not Found: /auth/notifications/check/
WARNING 2025-08-25 12:07:25,680 basehttp 1019746 137633081050816 "GET /auth/notifications/check/ HTTP/1.1" 404 4439
WARNING 2025-08-25 12:07:55,701 log 1019746 137633081050816 Not Found: /auth/notifications/check/
WARNING 2025-08-25 12:07:55,701 basehttp 1019746 137633081050816 "GET /auth/notifications/check/ HTTP/1.1" 404 4439
WARNING 2025-08-25 12:08:25,681 log 1019746 137633081050816 Not Found: /auth/notifications/check/
WARNING 2025-08-25 12:08:25,682 basehttp 1019746 137633081050816 "GET /auth/notifications/check/ HTTP/1.1" 404 4439
WARNING 2025-08-25 12:08:55,694 log 1019746 137633081050816 Not Found: /auth/notifications/check/
WARNING 2025-08-25 12:08:55,694 basehttp 1019746 137633081050816 "GET /auth/notifications/check/ HTTP/1.1" 404 4439
WARNING 2025-08-25 12:09:47,690 log 1019746 137633081050816 Not Found: /auth/notifications/check/
WARNING 2025-08-25 12:09:47,690 basehttp 1019746 137633081050816 "GET /auth/notifications/check/ HTTP/1.1" 404 4439
WARNING 2025-08-25 12:10:47,716 log 1019746 137633081050816 Not Found: /auth/notifications/check/
WARNING 2025-08-25 12:10:47,716 basehttp 1019746 137633081050816 "GET /auth/notifications/check/ HTTP/1.1" 404 4439
WARNING 2025-08-25 12:11:47,713 log 1019746 137633081050816 Not Found: /auth/notifications/check/
WARNING 2025-08-25 12:11:47,713 basehttp 1019746 137633081050816 "GET /auth/notifications/check/ HTTP/1.1" 404 4439
WARNING 2025-08-25 12:12:47,684 log 1019746 137633081050816 Not Found: /auth/notifications/check/
WARNING 2025-08-25 12:12:47,684 basehttp 1019746 137633081050816 "GET /auth/notifications/check/ HTTP/1.1" 404 4439
WARNING 2025-08-25 12:13:47,694 log 1019746 137633081050816 Not Found: /auth/notifications/check/
WARNING 2025-08-25 12:13:47,694 basehttp 1019746 137633081050816 "GET /auth/notifications/check/ HTTP/1.1" 404 4439
INFO 2025-08-25 12:16:47,448 autoreload 2972 135436489576576 Watching for file changes with StatReloader
WARNING 2025-08-25 12:16:47,735 log 2972 135436349466304 Not Found: /auth/notifications/check/
WARNING 2025-08-25 12:16:47,735 basehttp 2972 135436349466304 "GET /auth/notifications/check/ HTTP/1.1" 404 4439
WARNING 2025-08-25 12:17:46,720 log 2972 135436349466304 Not Found: /auth/notifications/check/
WARNING 2025-08-25 12:17:46,720 basehttp 2972 135436349466304 "GET /auth/notifications/check/ HTTP/1.1" 404 4439
WARNING 2025-08-25 12:18:46,721 log 2972 135436349466304 Not Found: /auth/notifications/check/
WARNING 2025-08-25 12:18:46,721 basehttp 2972 135436349466304 "GET /auth/notifications/check/ HTTP/1.1" 404 4439
INFO 2025-08-25 12:19:29,486 basehttp 2972 135436341073600 "HEAD / HTTP/1.1" 302 0
WARNING 2025-08-25 12:19:46,729 log 2972 135436349466304 Not Found: /auth/notifications/check/
WARNING 2025-08-25 12:19:46,729 basehttp 2972 135436349466304 "GET /auth/notifications/check/ HTTP/1.1" 404 4439
WARNING 2025-08-25 12:20:04,409 log 2972 135436349466304 Not Found: /auth/notifications/check/
WARNING 2025-08-25 12:20:04,409 basehttp 2972 135436349466304 "GET /auth/notifications/check/ HTTP/1.1" 404 4439
INFO 2025-08-25 12:20:06,091 basehttp 2972 135436349466304 "GET / HTTP/1.1" 200 100770
INFO 2025-08-25 12:20:06,161 basehttp 2972 135436349466304 "GET /static/dashboard/css/auth.css HTTP/1.1" 304 0
INFO 2025-08-25 12:20:06,162 basehttp 2972 135436341073600 "GET /static/dashboard/js/auth.js HTTP/1.1" 304 0
WARNING 2025-08-25 12:20:36,313 log 2972 135436349466304 Not Found: /auth/notifications/check/
WARNING 2025-08-25 12:20:36,313 basehttp 2972 135436349466304 "GET /auth/notifications/check/ HTTP/1.1" 404 4439
WARNING 2025-08-25 12:21:06,303 log 2972 135436349466304 Not Found: /auth/notifications/check/
WARNING 2025-08-25 12:21:06,303 basehttp 2972 135436349466304 "GET /auth/notifications/check/ HTTP/1.1" 404 4439
INFO 2025-08-25 12:21:32,015 basehttp 2972 135436349466304 "GET / HTTP/1.1" 200 100818
INFO 2025-08-25 12:21:41,767 basehttp 2972 135436349466304 "GET / HTTP/1.1" 200 103350
INFO 2025-08-25 12:21:45,825 basehttp 2972 135436349466304 "GET / HTTP/1.1" 200 103559
INFO 2025-08-25 12:21:47,730 basehttp 2972 135436349466304 "GET / HTTP/1.1" 200 103275
INFO 2025-08-25 12:22:05,361 basehttp 2972 135436349466304 "GET / HTTP/1.1" 200 103167
WARNING 2025-08-25 12:22:35,441 log 2972 135436349466304 Not Found: /auth/notifications/check/
WARNING 2025-08-25 12:22:35,441 basehttp 2972 135436349466304 "GET /auth/notifications/check/ HTTP/1.1" 404 4439
WARNING 2025-08-25 12:23:05,433 log 2972 135436349466304 Not Found: /auth/notifications/check/
WARNING 2025-08-25 12:23:05,433 basehttp 2972 135436349466304 "GET /auth/notifications/check/ HTTP/1.1" 404 4439
INFO 2025-08-25 12:23:11,479 basehttp 2972 135436349466304 "GET / HTTP/1.1" 200 103359
WARNING 2025-08-25 12:23:41,569 log 2972 135436349466304 Not Found: /auth/notifications/check/
WARNING 2025-08-25 12:23:41,570 basehttp 2972 135436349466304 "GET /auth/notifications/check/ HTTP/1.1" 404 4439
WARNING 2025-08-25 12:24:11,545 log 2972 135436349466304 Not Found: /auth/notifications/check/
WARNING 2025-08-25 12:24:11,545 basehttp 2972 135436349466304 "GET /auth/notifications/check/ HTTP/1.1" 404 4439
INFO 2025-08-25 12:24:25,596 basehttp 2972 135436349466304 "GET / HTTP/1.1" 200 103193
INFO 2025-08-25 12:24:27,381 basehttp 2972 135436349466304 "GET / HTTP/1.1" 200 103294
WARNING 2025-08-25 12:24:57,464 log 2972 135436349466304 Not Found: /auth/notifications/check/
WARNING 2025-08-25 12:24:57,464 basehttp 2972 135436349466304 "GET /auth/notifications/check/ HTTP/1.1" 404 4439
INFO 2025-08-25 12:25:11,986 basehttp 2972 135436349466304 "GET / HTTP/1.1" 200 103634
WARNING 2025-08-25 12:25:42,089 log 2972 135436349466304 Not Found: /auth/notifications/check/
WARNING 2025-08-25 12:25:42,089 basehttp 2972 135436349466304 "GET /auth/notifications/check/ HTTP/1.1" 404 4439
INFO 2025-08-25 12:25:53,257 basehttp 2972 135436349466304 "GET / HTTP/1.1" 200 103233
INFO 2025-08-25 12:26:17,296 basehttp 2972 135436341073600 "HEAD / HTTP/1.1" 302 0
WARNING 2025-08-25 12:26:21,015 log 2972 135436341073600 Not Found: /auth/login/
WARNING 2025-08-25 12:26:21,016 basehttp 2972 135436341073600 "GET /auth/login/ HTTP/1.1" 404 4397
WARNING 2025-08-25 12:26:23,323 log 2972 135436349466304 Not Found: /auth/notifications/check/
WARNING 2025-08-25 12:26:23,323 basehttp 2972 135436349466304 "GET /auth/notifications/check/ HTTP/1.1" 404 4439
INFO 2025-08-25 12:26:42,503 basehttp 2972 135436330583744 "GET /dashboard/auth/login/ HTTP/1.1" 200 16932
INFO 2025-08-25 12:26:53,473 basehttp 2972 135436330583744 "GET /dashboard/auth/login/ HTTP/1.1" 200 16932
WARNING 2025-08-25 12:26:53,710 log 2972 135436349466304 Not Found: /auth/notifications/check/
WARNING 2025-08-25 12:26:53,711 basehttp 2972 135436349466304 "GET /auth/notifications/check/ HTTP/1.1" 404 4439
INFO 2025-08-25 12:26:54,236 basehttp 2972 135436330583744 "POST /dashboard/auth/login/ HTTP/1.1" 302 0
INFO 2025-08-25 12:26:54,468 basehttp 2972 135436330583744 "GET /dashboard/ HTTP/1.1" 200 103236
INFO 2025-08-25 12:26:54,621 basehttp 2972 135436330583744 "GET / HTTP/1.1" 200 103236
WARNING 2025-08-25 12:27:23,723 log 2972 135436349466304 Not Found: /auth/notifications/check/
WARNING 2025-08-25 12:27:23,723 basehttp 2972 135436349466304 "GET /auth/notifications/check/ HTTP/1.1" 404 4439
INFO 2025-08-25 12:27:36,756 basehttp 2972 135436330583744 "GET /dashboard/auth/login/ HTTP/1.1" 200 16932
INFO 2025-08-25 12:27:37,518 basehttp 2972 135436330583744 "POST /dashboard/auth/login/ HTTP/1.1" 302 0
INFO 2025-08-25 12:27:37,727 basehttp 2972 135436330583744 "GET /dashboard/ HTTP/1.1" 200 103380
INFO 2025-08-25 12:27:37,854 basehttp 2972 135436330583744 "GET / HTTP/1.1" 200 103380
ERROR 2025-08-25 12:27:53,762 log 2972 135436349466304 Internal Server Error: /auth/notifications/check/
Traceback (most recent call last):
  File "/home/net/analyzer/dashboard/auth/middleware.py", line 64, in process_request
    user_session = UserSession.objects.get(
                   ^^^^^^^^^^^^^^^^^^^^^^^^
  File "/home/net/analyzer/env/lib/python3.12/site-packages/django/db/models/manager.py", line 87, in manager_method
    return getattr(self.get_queryset(), name)(*args, **kwargs)
           ^^^^^^^^^^^^^^^^^^^^^^^^^^^^^^^^^^^^^^^^^^^^^^^^^^^
  File "/home/net/analyzer/env/lib/python3.12/site-packages/django/db/models/query.py", line 633, in get
    raise self.model.DoesNotExist(
dashboard.models.auth.UserSession.DoesNotExist: UserSession matching query does not exist.

During handling of the above exception, another exception occurred:

Traceback (most recent call last):
  File "/home/net/analyzer/env/lib/python3.12/site-packages/django/db/backends/utils.py", line 105, in _execute
    return self.cursor.execute(sql, params)
           ^^^^^^^^^^^^^^^^^^^^^^^^^^^^^^^^
  File "/home/net/analyzer/env/lib/python3.12/site-packages/django/db/backends/sqlite3/base.py", line 360, in execute
    return super().execute(query, params)
           ^^^^^^^^^^^^^^^^^^^^^^^^^^^^^^
sqlite3.IntegrityError: UNIQUE constraint failed: auth_user_sessions.session_key

The above exception was the direct cause of the following exception:

Traceback (most recent call last):
  File "/home/net/analyzer/dashboard/auth/middleware.py", line 114, in process_request
    user_session = UserSession.objects.create(
                   ^^^^^^^^^^^^^^^^^^^^^^^^^^^
  File "/home/net/analyzer/env/lib/python3.12/site-packages/django/db/models/manager.py", line 87, in manager_method
    return getattr(self.get_queryset(), name)(*args, **kwargs)
           ^^^^^^^^^^^^^^^^^^^^^^^^^^^^^^^^^^^^^^^^^^^^^^^^^^^
  File "/home/net/analyzer/env/lib/python3.12/site-packages/django/db/models/query.py", line 663, in create
    obj.save(force_insert=True, using=self.db)
  File "/home/net/analyzer/env/lib/python3.12/site-packages/django/db/models/base.py", line 902, in save
    self.save_base(
  File "/home/net/analyzer/env/lib/python3.12/site-packages/django/db/models/base.py", line 1008, in save_base
    updated = self._save_table(
              ^^^^^^^^^^^^^^^^^
  File "/home/net/analyzer/env/lib/python3.12/site-packages/django/db/models/base.py", line 1169, in _save_table
    results = self._do_insert(
              ^^^^^^^^^^^^^^^^
  File "/home/net/analyzer/env/lib/python3.12/site-packages/django/db/models/base.py", line 1210, in _do_insert
    return manager._insert(
           ^^^^^^^^^^^^^^^^
  File "/home/net/analyzer/env/lib/python3.12/site-packages/django/db/models/manager.py", line 87, in manager_method
    return getattr(self.get_queryset(), name)(*args, **kwargs)
           ^^^^^^^^^^^^^^^^^^^^^^^^^^^^^^^^^^^^^^^^^^^^^^^^^^^
  File "/home/net/analyzer/env/lib/python3.12/site-packages/django/db/models/query.py", line 1864, in _insert
    return query.get_compiler(using=using).execute_sql(returning_fields)
           ^^^^^^^^^^^^^^^^^^^^^^^^^^^^^^^^^^^^^^^^^^^^^^^^^^^^^^^^^^^^^
  File "/home/net/analyzer/env/lib/python3.12/site-packages/django/db/models/sql/compiler.py", line 1882, in execute_sql
    cursor.execute(sql, params)
  File "/home/net/analyzer/env/lib/python3.12/site-packages/django/db/backends/utils.py", line 122, in execute
    return super().execute(sql, params)
           ^^^^^^^^^^^^^^^^^^^^^^^^^^^^
  File "/home/net/analyzer/env/lib/python3.12/site-packages/django/db/backends/utils.py", line 79, in execute
    return self._execute_with_wrappers(
           ^^^^^^^^^^^^^^^^^^^^^^^^^^^^
  File "/home/net/analyzer/env/lib/python3.12/site-packages/django/db/backends/utils.py", line 92, in _execute_with_wrappers
    return executor(sql, params, many, context)
           ^^^^^^^^^^^^^^^^^^^^^^^^^^^^^^^^^^^^
  File "/home/net/analyzer/env/lib/python3.12/site-packages/django/db/backends/utils.py", line 100, in _execute
    with self.db.wrap_database_errors:
  File "/home/net/analyzer/env/lib/python3.12/site-packages/django/db/utils.py", line 91, in __exit__
    raise dj_exc_value.with_traceback(traceback) from exc_value
  File "/home/net/analyzer/env/lib/python3.12/site-packages/django/db/backends/utils.py", line 105, in _execute
    return self.cursor.execute(sql, params)
           ^^^^^^^^^^^^^^^^^^^^^^^^^^^^^^^^
  File "/home/net/analyzer/env/lib/python3.12/site-packages/django/db/backends/sqlite3/base.py", line 360, in execute
    return super().execute(query, params)
           ^^^^^^^^^^^^^^^^^^^^^^^^^^^^^^
django.db.utils.IntegrityError: UNIQUE constraint failed: auth_user_sessions.session_key

During handling of the above exception, another exception occurred:

Traceback (most recent call last):
  File "/home/net/analyzer/env/lib/python3.12/site-packages/django/contrib/messages/api.py", line 27, in add_message
    messages = request._messages
               ^^^^^^^^^^^^^^^^^
AttributeError: 'WSGIRequest' object has no attribute '_messages'

During handling of the above exception, another exception occurred:

Traceback (most recent call last):
  File "/home/net/analyzer/env/lib/python3.12/site-packages/django/core/handlers/exception.py", line 55, in inner
    response = get_response(request)
               ^^^^^^^^^^^^^^^^^^^^^
  File "/home/net/analyzer/env/lib/python3.12/site-packages/django/utils/deprecation.py", line 119, in __call__
    response = self.process_request(request)
               ^^^^^^^^^^^^^^^^^^^^^^^^^^^^^
  File "/home/net/analyzer/dashboard/auth/middleware.py", line 147, in process_request
    messages.error(request, 'A security error occurred. Please log in again.')
  File "/home/net/analyzer/env/lib/python3.12/site-packages/django/contrib/messages/api.py", line 121, in error
    add_message(
  File "/home/net/analyzer/env/lib/python3.12/site-packages/django/contrib/messages/api.py", line 35, in add_message
    raise MessageFailure(
django.contrib.messages.api.MessageFailure: You cannot add messages without installing django.contrib.messages.middleware.MessageMiddleware
ERROR 2025-08-25 12:27:53,770 basehttp 2972 135436349466304 "GET /auth/notifications/check/ HTTP/1.1" 500 200889
WARNING 2025-08-25 12:28:23,712 log 2972 135436349466304 Not Found: /auth/notifications/check/
WARNING 2025-08-25 12:28:23,713 basehttp 2972 135436349466304 "GET /auth/notifications/check/ HTTP/1.1" 404 4439
INFO 2025-08-25 12:28:34,170 basehttp 2972 135436330583744 "GET /dashboard/auth/login/ HTTP/1.1" 200 16932
INFO 2025-08-25 12:28:34,919 basehttp 2972 135436330583744 "POST /dashboard/auth/login/ HTTP/1.1" 302 0
INFO 2025-08-25 12:28:35,126 basehttp 2972 135436330583744 "GET /dashboard/ HTTP/1.1" 200 103917
INFO 2025-08-25 12:28:35,279 basehttp 2972 135436330583744 "GET / HTTP/1.1" 200 103917
WARNING 2025-08-25 12:28:53,726 log 2972 135436349466304 Not Found: /auth/notifications/check/
WARNING 2025-08-25 12:28:53,727 basehttp 2972 135436349466304 "GET /auth/notifications/check/ HTTP/1.1" 404 4439
INFO 2025-08-25 12:29:26,200 autoreload 2972 135436489576576 /home/net/analyzer/dashboard/views/base.py changed, reloading.
INFO 2025-08-25 12:29:26,529 autoreload 16921 137241198731392 Watching for file changes with StatReloader
INFO 2025-08-25 12:29:31,843 autoreload 16921 137241198731392 /home/net/analyzer/dashboard/views/__init__.py changed, reloading.
INFO 2025-08-25 12:29:32,155 autoreload 17004 134257060798592 Watching for file changes with StatReloader
WARNING 2025-08-25 12:29:35,575 log 17004 134256919574208 Not Found: /auth/notifications/check/
WARNING 2025-08-25 12:29:35,575 basehttp 17004 134256919574208 "GET /auth/notifications/check/ HTTP/1.1" 404 4439
INFO 2025-08-25 12:29:37,150 basehttp 17004 134256919574208 "GET / HTTP/1.1" 302 0
WARNING 2025-08-25 12:29:37,265 log 17004 134256919574208 Not Found: /auth/login/
WARNING 2025-08-25 12:29:37,265 basehttp 17004 134256919574208 "GET /auth/login/?next=/ HTTP/1.1" 404 4404
INFO 2025-08-25 12:29:37,483 autoreload 17004 134257060798592 /home/net/analyzer/fwanalyzer/urls.py changed, reloading.
INFO 2025-08-25 12:29:37,792 autoreload 17131 133606358540416 Watching for file changes with StatReloader
INFO 2025-08-25 12:29:41,050 basehttp 17131 133606218389184 "GET /header-test/ HTTP/1.1" 200 8594
INFO 2025-08-25 12:29:43,871 basehttp 17131 133606218389184 "GET / HTTP/1.1" 302 0
WARNING 2025-08-25 12:29:43,959 log 17131 133606218389184 Not Found: /auth/login/
WARNING 2025-08-25 12:29:43,959 basehttp 17131 133606218389184 "GET /auth/login/?next=/ HTTP/1.1" 404 4579
INFO 2025-08-25 12:31:26,447 basehttp 17131 133606200555200 "GET /dashboard/auth/login/ HTTP/1.1" 200 16932
INFO 2025-08-25 12:31:27,206 basehttp 17131 133606200555200 "POST /dashboard/auth/login/ HTTP/1.1" 302 0
INFO 2025-08-25 12:31:27,439 basehttp 17131 133606200555200 "GET /dashboard/ HTTP/1.1" 200 103704
INFO 2025-08-25 12:31:27,578 basehttp 17131 133606200555200 "GET / HTTP/1.1" 200 103704
INFO 2025-08-25 12:31:40,990 basehttp 17131 133606200555200 "GET / HTTP/1.1" 302 0
WARNING 2025-08-25 12:31:41,005 log 17131 133606200555200 Not Found: /auth/login/
WARNING 2025-08-25 12:31:41,005 basehttp 17131 133606200555200 "GET /auth/login/?next=/ HTTP/1.1" 404 4579
INFO 2025-08-25 12:31:41,060 basehttp 17131 133606200555200 "GET /dashboard/auth/login/ HTTP/1.1" 200 16932
INFO 2025-08-25 12:31:41,858 basehttp 17131 133606200555200 "POST /dashboard/auth/login/ HTTP/1.1" 302 0
INFO 2025-08-25 12:31:42,045 basehttp 17131 133606200555200 "GET /dashboard/ HTTP/1.1" 200 103727
INFO 2025-08-25 12:31:42,178 basehttp 17131 133606200555200 "GET / HTTP/1.1" 200 103727
INFO 2025-08-25 12:31:42,551 basehttp 17131 133606200555200 "GET /top-summary/ HTTP/1.1" 200 78657
INFO 2025-08-25 12:31:42,718 basehttp 17131 133606200555200 "GET /url-summary/ HTTP/1.1" 200 103837
INFO 2025-08-25 12:31:42,828 basehttp 17131 133606200555200 "GET /logs/ HTTP/1.1" 200 103782
INFO 2025-08-25 12:31:43,418 basehttp 17131 133606200555200 "GET /pa-url-logs/ HTTP/1.1" 200 202706
INFO 2025-08-25 12:32:06,677 basehttp 17131 133606200555200 "GET /grouped-logs/ HTTP/1.1" 200 812929
INFO 2025-08-25 12:32:06,828 basehttp 17131 133606200555200 "GET /system-config/ HTTP/1.1" 200 30445
ERROR 2025-08-25 12:32:07,051 log 17131 133606200555200 Internal Server Error: /log-sources/
Traceback (most recent call last):
  File "/home/net/analyzer/env/lib/python3.12/site-packages/django/core/handlers/exception.py", line 55, in inner
    response = get_response(request)
               ^^^^^^^^^^^^^^^^^^^^^
  File "/home/net/analyzer/env/lib/python3.12/site-packages/django/core/handlers/base.py", line 197, in _get_response
    response = wrapped_callback(request, *callback_args, **callback_kwargs)
               ^^^^^^^^^^^^^^^^^^^^^^^^^^^^^^^^^^^^^^^^^^^^^^^^^^^^^^^^^^^^
  File "/home/net/analyzer/env/lib/python3.12/site-packages/django/contrib/auth/decorators.py", line 59, in _view_wrapper
    return view_func(request, *args, **kwargs)
           ^^^^^^^^^^^^^^^^^^^^^^^^^^^^^^^^^^^
  File "/home/net/analyzer/dashboard/auth/decorators.py", line 52, in _wrapped_view
    return view_func(request, *args, **kwargs)
           ^^^^^^^^^^^^^^^^^^^^^^^^^^^^^^^^^^^
  File "/home/net/analyzer/dashboard/views/log_sources.py", line 283, in log_sources_view
    return render(request, 'dashboard/log_sources.html', context)
           ^^^^^^^^^^^^^^^^^^^^^^^^^^^^^^^^^^^^^^^^^^^^^^^^^^^^^^
  File "/home/net/analyzer/env/lib/python3.12/site-packages/django/shortcuts.py", line 25, in render
    content = loader.render_to_string(template_name, context, request, using=using)
              ^^^^^^^^^^^^^^^^^^^^^^^^^^^^^^^^^^^^^^^^^^^^^^^^^^^^^^^^^^^^^^^^^^^^^
  File "/home/net/analyzer/env/lib/python3.12/site-packages/django/template/loader.py", line 62, in render_to_string
    return template.render(context, request)
           ^^^^^^^^^^^^^^^^^^^^^^^^^^^^^^^^^
  File "/home/net/analyzer/env/lib/python3.12/site-packages/django/template/backends/django.py", line 107, in render
    return self.template.render(context)
           ^^^^^^^^^^^^^^^^^^^^^^^^^^^^^
  File "/home/net/analyzer/env/lib/python3.12/site-packages/django/template/base.py", line 171, in render
    return self._render(context)
           ^^^^^^^^^^^^^^^^^^^^^
  File "/home/net/analyzer/env/lib/python3.12/site-packages/django/template/base.py", line 163, in _render
    return self.nodelist.render(context)
           ^^^^^^^^^^^^^^^^^^^^^^^^^^^^^
  File "/home/net/analyzer/env/lib/python3.12/site-packages/django/template/base.py", line 1016, in render
    return SafeString("".join([node.render_annotated(context) for node in self]))
                               ^^^^^^^^^^^^^^^^^^^^^^^^^^^^^^
  File "/home/net/analyzer/env/lib/python3.12/site-packages/django/template/base.py", line 977, in render_annotated
    return self.render(context)
           ^^^^^^^^^^^^^^^^^^^^
  File "/home/net/analyzer/env/lib/python3.12/site-packages/django/template/loader_tags.py", line 159, in render
    return compiled_parent._render(context)
           ^^^^^^^^^^^^^^^^^^^^^^^^^^^^^^^^
  File "/home/net/analyzer/env/lib/python3.12/site-packages/django/template/base.py", line 163, in _render
    return self.nodelist.render(context)
           ^^^^^^^^^^^^^^^^^^^^^^^^^^^^^
  File "/home/net/analyzer/env/lib/python3.12/site-packages/django/template/base.py", line 1016, in render
    return SafeString("".join([node.render_annotated(context) for node in self]))
                               ^^^^^^^^^^^^^^^^^^^^^^^^^^^^^^
  File "/home/net/analyzer/env/lib/python3.12/site-packages/django/template/base.py", line 977, in render_annotated
    return self.render(context)
           ^^^^^^^^^^^^^^^^^^^^
  File "/home/net/analyzer/env/lib/python3.12/site-packages/django/template/loader_tags.py", line 65, in render
    result = block.nodelist.render(context)
             ^^^^^^^^^^^^^^^^^^^^^^^^^^^^^^
  File "/home/net/analyzer/env/lib/python3.12/site-packages/django/template/base.py", line 1016, in render
    return SafeString("".join([node.render_annotated(context) for node in self]))
                               ^^^^^^^^^^^^^^^^^^^^^^^^^^^^^^
  File "/home/net/analyzer/env/lib/python3.12/site-packages/django/template/base.py", line 977, in render_annotated
    return self.render(context)
           ^^^^^^^^^^^^^^^^^^^^
  File "/home/net/analyzer/env/lib/python3.12/site-packages/django/template/defaulttags.py", line 327, in render
    return nodelist.render(context)
           ^^^^^^^^^^^^^^^^^^^^^^^^
  File "/home/net/analyzer/env/lib/python3.12/site-packages/django/template/base.py", line 1016, in render
    return SafeString("".join([node.render_annotated(context) for node in self]))
                               ^^^^^^^^^^^^^^^^^^^^^^^^^^^^^^
  File "/home/net/analyzer/env/lib/python3.12/site-packages/django/template/base.py", line 977, in render_annotated
    return self.render(context)
           ^^^^^^^^^^^^^^^^^^^^
  File "/home/net/analyzer/env/lib/python3.12/site-packages/django/template/defaulttags.py", line 243, in render
    nodelist.append(node.render_annotated(context))
                    ^^^^^^^^^^^^^^^^^^^^^^^^^^^^^^
  File "/home/net/analyzer/env/lib/python3.12/site-packages/django/template/base.py", line 977, in render_annotated
    return self.render(context)
           ^^^^^^^^^^^^^^^^^^^^
  File "/home/net/analyzer/env/lib/python3.12/site-packages/django/template/defaulttags.py", line 480, in render
    url = reverse(view_name, args=args, kwargs=kwargs, current_app=current_app)
          ^^^^^^^^^^^^^^^^^^^^^^^^^^^^^^^^^^^^^^^^^^^^^^^^^^^^^^^^^^^^^^^^^^^^^
  File "/home/net/analyzer/env/lib/python3.12/site-packages/django/urls/base.py", line 98, in reverse
    resolved_url = resolver._reverse_with_prefix(view, prefix, *args, **kwargs)
                   ^^^^^^^^^^^^^^^^^^^^^^^^^^^^^^^^^^^^^^^^^^^^^^^^^^^^^^^^^^^^
  File "/home/net/analyzer/env/lib/python3.12/site-packages/django/urls/resolvers.py", line 831, in _reverse_with_prefix
    raise NoReverseMatch(msg)
django.urls.exceptions.NoReverseMatch: Reverse for 'device_topology' not found. 'device_topology' is not a valid view function or pattern name.
ERROR 2025-08-25 12:32:07,054 basehttp 17131 133606200555200 "GET /log-sources/ HTTP/1.1" 500 340732
ERROR 2025-08-25 12:32:07,193 log 17131 133606200555200 Internal Server Error: /log-management/
Traceback (most recent call last):
  File "/home/net/analyzer/dashboard/views/log_management.py", line 155, in log_management_status_view
    return render(request, 'dashboard/log_management.html', {
           ^^^^^^^^^^^^^^^^^^^^^^^^^^^^^^^^^^^^^^^^^^^^^^^^^^
  File "/home/net/analyzer/env/lib/python3.12/site-packages/django/shortcuts.py", line 25, in render
    content = loader.render_to_string(template_name, context, request, using=using)
              ^^^^^^^^^^^^^^^^^^^^^^^^^^^^^^^^^^^^^^^^^^^^^^^^^^^^^^^^^^^^^^^^^^^^^
  File "/home/net/analyzer/env/lib/python3.12/site-packages/django/template/loader.py", line 62, in render_to_string
    return template.render(context, request)
           ^^^^^^^^^^^^^^^^^^^^^^^^^^^^^^^^^
  File "/home/net/analyzer/env/lib/python3.12/site-packages/django/template/backends/django.py", line 107, in render
    return self.template.render(context)
           ^^^^^^^^^^^^^^^^^^^^^^^^^^^^^
  File "/home/net/analyzer/env/lib/python3.12/site-packages/django/template/base.py", line 171, in render
    return self._render(context)
           ^^^^^^^^^^^^^^^^^^^^^
  File "/home/net/analyzer/env/lib/python3.12/site-packages/django/template/base.py", line 163, in _render
    return self.nodelist.render(context)
           ^^^^^^^^^^^^^^^^^^^^^^^^^^^^^
  File "/home/net/analyzer/env/lib/python3.12/site-packages/django/template/base.py", line 1016, in render
    return SafeString("".join([node.render_annotated(context) for node in self]))
                               ^^^^^^^^^^^^^^^^^^^^^^^^^^^^^^
  File "/home/net/analyzer/env/lib/python3.12/site-packages/django/template/base.py", line 977, in render_annotated
    return self.render(context)
           ^^^^^^^^^^^^^^^^^^^^
  File "/home/net/analyzer/env/lib/python3.12/site-packages/django/template/loader_tags.py", line 159, in render
    return compiled_parent._render(context)
           ^^^^^^^^^^^^^^^^^^^^^^^^^^^^^^^^
  File "/home/net/analyzer/env/lib/python3.12/site-packages/django/template/base.py", line 163, in _render
    return self.nodelist.render(context)
           ^^^^^^^^^^^^^^^^^^^^^^^^^^^^^
  File "/home/net/analyzer/env/lib/python3.12/site-packages/django/template/base.py", line 1016, in render
    return SafeString("".join([node.render_annotated(context) for node in self]))
                               ^^^^^^^^^^^^^^^^^^^^^^^^^^^^^^
  File "/home/net/analyzer/env/lib/python3.12/site-packages/django/template/base.py", line 977, in render_annotated
    return self.render(context)
           ^^^^^^^^^^^^^^^^^^^^
  File "/home/net/analyzer/env/lib/python3.12/site-packages/django/template/loader_tags.py", line 65, in render
    result = block.nodelist.render(context)
             ^^^^^^^^^^^^^^^^^^^^^^^^^^^^^^
  File "/home/net/analyzer/env/lib/python3.12/site-packages/django/template/base.py", line 1016, in render
    return SafeString("".join([node.render_annotated(context) for node in self]))
                               ^^^^^^^^^^^^^^^^^^^^^^^^^^^^^^
  File "/home/net/analyzer/env/lib/python3.12/site-packages/django/template/base.py", line 977, in render_annotated
    return self.render(context)
           ^^^^^^^^^^^^^^^^^^^^
  File "/home/net/analyzer/env/lib/python3.12/site-packages/django/template/defaulttags.py", line 480, in render
    url = reverse(view_name, args=args, kwargs=kwargs, current_app=current_app)
          ^^^^^^^^^^^^^^^^^^^^^^^^^^^^^^^^^^^^^^^^^^^^^^^^^^^^^^^^^^^^^^^^^^^^^
  File "/home/net/analyzer/env/lib/python3.12/site-packages/django/urls/base.py", line 98, in reverse
    resolved_url = resolver._reverse_with_prefix(view, prefix, *args, **kwargs)
                   ^^^^^^^^^^^^^^^^^^^^^^^^^^^^^^^^^^^^^^^^^^^^^^^^^^^^^^^^^^^^
  File "/home/net/analyzer/env/lib/python3.12/site-packages/django/urls/resolvers.py", line 831, in _reverse_with_prefix
    raise NoReverseMatch(msg)
django.urls.exceptions.NoReverseMatch: Reverse for 'clickhouse_storage' not found. 'clickhouse_storage' is not a valid view function or pattern name.

During handling of the above exception, another exception occurred:

Traceback (most recent call last):
  File "/home/net/analyzer/env/lib/python3.12/site-packages/django/core/handlers/exception.py", line 55, in inner
    response = get_response(request)
               ^^^^^^^^^^^^^^^^^^^^^
  File "/home/net/analyzer/env/lib/python3.12/site-packages/django/core/handlers/base.py", line 197, in _get_response
    response = wrapped_callback(request, *callback_args, **callback_kwargs)
               ^^^^^^^^^^^^^^^^^^^^^^^^^^^^^^^^^^^^^^^^^^^^^^^^^^^^^^^^^^^^
  File "/home/net/analyzer/dashboard/views/log_management.py", line 162, in log_management_status_view
    return render(request, 'dashboard/log_management.html', {
           ^^^^^^^^^^^^^^^^^^^^^^^^^^^^^^^^^^^^^^^^^^^^^^^^^^
  File "/home/net/analyzer/env/lib/python3.12/site-packages/django/shortcuts.py", line 25, in render
    content = loader.render_to_string(template_name, context, request, using=using)
              ^^^^^^^^^^^^^^^^^^^^^^^^^^^^^^^^^^^^^^^^^^^^^^^^^^^^^^^^^^^^^^^^^^^^^
  File "/home/net/analyzer/env/lib/python3.12/site-packages/django/template/loader.py", line 62, in render_to_string
    return template.render(context, request)
           ^^^^^^^^^^^^^^^^^^^^^^^^^^^^^^^^^
  File "/home/net/analyzer/env/lib/python3.12/site-packages/django/template/backends/django.py", line 107, in render
    return self.template.render(context)
           ^^^^^^^^^^^^^^^^^^^^^^^^^^^^^
  File "/home/net/analyzer/env/lib/python3.12/site-packages/django/template/base.py", line 171, in render
    return self._render(context)
           ^^^^^^^^^^^^^^^^^^^^^
  File "/home/net/analyzer/env/lib/python3.12/site-packages/django/template/base.py", line 163, in _render
    return self.nodelist.render(context)
           ^^^^^^^^^^^^^^^^^^^^^^^^^^^^^
  File "/home/net/analyzer/env/lib/python3.12/site-packages/django/template/base.py", line 1016, in render
    return SafeString("".join([node.render_annotated(context) for node in self]))
                               ^^^^^^^^^^^^^^^^^^^^^^^^^^^^^^
  File "/home/net/analyzer/env/lib/python3.12/site-packages/django/template/base.py", line 977, in render_annotated
    return self.render(context)
           ^^^^^^^^^^^^^^^^^^^^
  File "/home/net/analyzer/env/lib/python3.12/site-packages/django/template/loader_tags.py", line 159, in render
    return compiled_parent._render(context)
           ^^^^^^^^^^^^^^^^^^^^^^^^^^^^^^^^
  File "/home/net/analyzer/env/lib/python3.12/site-packages/django/template/base.py", line 163, in _render
    return self.nodelist.render(context)
           ^^^^^^^^^^^^^^^^^^^^^^^^^^^^^
  File "/home/net/analyzer/env/lib/python3.12/site-packages/django/template/base.py", line 1016, in render
    return SafeString("".join([node.render_annotated(context) for node in self]))
                               ^^^^^^^^^^^^^^^^^^^^^^^^^^^^^^
  File "/home/net/analyzer/env/lib/python3.12/site-packages/django/template/base.py", line 977, in render_annotated
    return self.render(context)
           ^^^^^^^^^^^^^^^^^^^^
  File "/home/net/analyzer/env/lib/python3.12/site-packages/django/template/loader_tags.py", line 65, in render
    result = block.nodelist.render(context)
             ^^^^^^^^^^^^^^^^^^^^^^^^^^^^^^
  File "/home/net/analyzer/env/lib/python3.12/site-packages/django/template/base.py", line 1016, in render
    return SafeString("".join([node.render_annotated(context) for node in self]))
                               ^^^^^^^^^^^^^^^^^^^^^^^^^^^^^^
  File "/home/net/analyzer/env/lib/python3.12/site-packages/django/template/base.py", line 977, in render_annotated
    return self.render(context)
           ^^^^^^^^^^^^^^^^^^^^
  File "/home/net/analyzer/env/lib/python3.12/site-packages/django/template/defaulttags.py", line 480, in render
    url = reverse(view_name, args=args, kwargs=kwargs, current_app=current_app)
          ^^^^^^^^^^^^^^^^^^^^^^^^^^^^^^^^^^^^^^^^^^^^^^^^^^^^^^^^^^^^^^^^^^^^^
  File "/home/net/analyzer/env/lib/python3.12/site-packages/django/urls/base.py", line 98, in reverse
    resolved_url = resolver._reverse_with_prefix(view, prefix, *args, **kwargs)
                   ^^^^^^^^^^^^^^^^^^^^^^^^^^^^^^^^^^^^^^^^^^^^^^^^^^^^^^^^^^^^
  File "/home/net/analyzer/env/lib/python3.12/site-packages/django/urls/resolvers.py", line 831, in _reverse_with_prefix
    raise NoReverseMatch(msg)
django.urls.exceptions.NoReverseMatch: Reverse for 'clickhouse_storage' not found. 'clickhouse_storage' is not a valid view function or pattern name.
ERROR 2025-08-25 12:32:07,197 basehttp 17131 133606200555200 "GET /log-management/ HTTP/1.1" 500 313616
INFO 2025-08-25 12:32:42,421 basehttp 17131 133606200555200 "GET /dashboard/auth/login/ HTTP/1.1" 200 16932
INFO 2025-08-25 12:32:43,169 basehttp 17131 133606200555200 "POST /dashboard/auth/login/ HTTP/1.1" 302 0
INFO 2025-08-25 12:32:43,382 basehttp 17131 133606200555200 "GET /dashboard/ HTTP/1.1" 200 103850
INFO 2025-08-25 12:32:43,531 basehttp 17131 133606200555200 "GET / HTTP/1.1" 200 103850
WARNING 2025-08-25 13:44:03,793 log 17131 133606218389184 Not Found: /auth/login/
WARNING 2025-08-25 13:44:03,794 basehttp 17131 133606218389184 "GET /auth/login/?next=/ HTTP/1.1" 404 4579
INFO 2025-08-25 13:44:25,948 basehttp 17131 133606218389184 "GET / HTTP/1.1" 302 0
WARNING 2025-08-25 13:44:26,037 log 17131 133606218389184 Not Found: /auth/login/
WARNING 2025-08-25 13:44:26,037 basehttp 17131 133606218389184 "GET /auth/login/?next=/ HTTP/1.1" 404 4579
WARNING 2025-08-25 13:44:37,130 log 17131 133606218389184 Not Found: /auth/login/
WARNING 2025-08-25 13:44:37,131 basehttp 17131 133606218389184 "GET /auth/login/?next=/ HTTP/1.1" 404 4579
WARNING 2025-08-25 13:44:46,877 log 17131 133606218389184 Not Found: /auth/login/
WARNING 2025-08-25 13:44:46,877 basehttp 17131 133606218389184 "GET /auth/login/?next=/ HTTP/1.1" 404 4579
INFO 2025-08-25 13:44:57,599 autoreload 17131 133606358540416 /home/net/analyzer/fwanalyzer/urls.py changed, reloading.
INFO 2025-08-25 13:44:57,934 autoreload 47725 130850613760128 Watching for file changes with StatReloader
WARNING 2025-08-25 13:45:00,720 log 47725 130850473637568 Not Found: /auth/login/
WARNING 2025-08-25 13:45:00,720 basehttp 47725 130850473637568 "GET /auth/login/?next=/ HTTP/1.1" 404 22515
INFO 2025-08-25 13:45:07,933 basehttp 47725 130850473637568 "GET / HTTP/1.1" 302 0
WARNING 2025-08-25 13:45:08,018 log 47725 130850473637568 Not Found: /auth/login/
WARNING 2025-08-25 13:45:08,018 basehttp 47725 130850473637568 "GET /auth/login/?next=/ HTTP/1.1" 404 22515
INFO 2025-08-25 13:45:18,362 autoreload 47725 130850613760128 /home/net/analyzer/fwanalyzer/urls.py changed, reloading.
INFO 2025-08-25 13:45:18,670 autoreload 48304 125895246188672 Watching for file changes with StatReloader
INFO 2025-08-25 13:45:25,633 basehttp 48304 125895174014656 "GET /auth/login/?next=/ HTTP/1.1" 200 16932
INFO 2025-08-25 13:45:25,696 basehttp 48304 125895174014656 "GET /static/dashboard/css/auth.css HTTP/1.1" 200 12915
INFO 2025-08-25 13:45:29,037 autoreload 48304 125895246188672 /home/net/analyzer/dashboard/urls.py changed, reloading.
INFO 2025-08-25 13:45:29,343 autoreload 48640 128658862080128 Watching for file changes with StatReloader
INFO 2025-08-25 13:45:33,609 autoreload 48640 128658862080128 /home/net/analyzer/dashboard/urls_auth.py changed, reloading.
INFO 2025-08-25 13:45:33,909 autoreload 48700 134283045089408 Watching for file changes with StatReloader
ERROR 2025-08-25 13:45:35,457 log 48700 134282972997312 Internal Server Error: /auth/login/
Traceback (most recent call last):
  File "/home/net/analyzer/env/lib/python3.12/site-packages/django/core/handlers/exception.py", line 55, in inner
    response = get_response(request)
               ^^^^^^^^^^^^^^^^^^^^^
  File "/home/net/analyzer/env/lib/python3.12/site-packages/django/utils/deprecation.py", line 119, in __call__
    response = self.process_request(request)
               ^^^^^^^^^^^^^^^^^^^^^^^^^^^^^
  File "/home/net/analyzer/dashboard/auth/middleware.py", line 38, in process_request
    reverse('dashboard:login'),
    ^^^^^^^^^^^^^^^^^^^^^^^^^^
  File "/home/net/analyzer/env/lib/python3.12/site-packages/django/urls/base.py", line 98, in reverse
    resolved_url = resolver._reverse_with_prefix(view, prefix, *args, **kwargs)
                   ^^^^^^^^^^^^^^^^^^^^^^^^^^^^^^^^^^^^^^^^^^^^^^^^^^^^^^^^^^^^
  File "/home/net/analyzer/env/lib/python3.12/site-packages/django/urls/resolvers.py", line 831, in _reverse_with_prefix
    raise NoReverseMatch(msg)
django.urls.exceptions.NoReverseMatch: Reverse for 'login' not found. 'login' is not a valid view function or pattern name.
ERROR 2025-08-25 13:45:35,458 basehttp 48700 134282972997312 "POST /auth/login/?next=/ HTTP/1.1" 500 77444
INFO 2025-08-25 13:45:38,234 autoreload 48700 134283045089408 /home/net/analyzer/dashboard/urls.py changed, reloading.
INFO 2025-08-25 13:45:38,536 autoreload 48783 131435459059840 Watching for file changes with StatReloader
ERROR 2025-08-25 13:45:44,465 log 48783 131435318994624 Internal Server Error: /auth/login/
Traceback (most recent call last):
  File "/home/net/analyzer/env/lib/python3.12/site-packages/django/core/handlers/exception.py", line 55, in inner
    response = get_response(request)
               ^^^^^^^^^^^^^^^^^^^^^
  File "/home/net/analyzer/env/lib/python3.12/site-packages/django/utils/deprecation.py", line 119, in __call__
    response = self.process_request(request)
               ^^^^^^^^^^^^^^^^^^^^^^^^^^^^^
  File "/home/net/analyzer/dashboard/auth/middleware.py", line 38, in process_request
    reverse('dashboard:login'),
    ^^^^^^^^^^^^^^^^^^^^^^^^^^
  File "/home/net/analyzer/env/lib/python3.12/site-packages/django/urls/base.py", line 98, in reverse
    resolved_url = resolver._reverse_with_prefix(view, prefix, *args, **kwargs)
                   ^^^^^^^^^^^^^^^^^^^^^^^^^^^^^^^^^^^^^^^^^^^^^^^^^^^^^^^^^^^^
  File "/home/net/analyzer/env/lib/python3.12/site-packages/django/urls/resolvers.py", line 831, in _reverse_with_prefix
    raise NoReverseMatch(msg)
django.urls.exceptions.NoReverseMatch: Reverse for 'login' not found. 'login' is not a valid view function or pattern name.
ERROR 2025-08-25 13:45:44,466 basehttp 48783 131435318994624 "GET /auth/login/?next=/ HTTP/1.1" 500 76178
ERROR 2025-08-25 13:46:03,679 log 48783 131435318994624 Internal Server Error: /auth/login/
Traceback (most recent call last):
  File "/home/net/analyzer/env/lib/python3.12/site-packages/django/core/handlers/exception.py", line 55, in inner
    response = get_response(request)
               ^^^^^^^^^^^^^^^^^^^^^
  File "/home/net/analyzer/env/lib/python3.12/site-packages/django/utils/deprecation.py", line 119, in __call__
    response = self.process_request(request)
               ^^^^^^^^^^^^^^^^^^^^^^^^^^^^^
  File "/home/net/analyzer/dashboard/auth/middleware.py", line 38, in process_request
    reverse('dashboard:login'),
    ^^^^^^^^^^^^^^^^^^^^^^^^^^
  File "/home/net/analyzer/env/lib/python3.12/site-packages/django/urls/base.py", line 98, in reverse
    resolved_url = resolver._reverse_with_prefix(view, prefix, *args, **kwargs)
                   ^^^^^^^^^^^^^^^^^^^^^^^^^^^^^^^^^^^^^^^^^^^^^^^^^^^^^^^^^^^^
  File "/home/net/analyzer/env/lib/python3.12/site-packages/django/urls/resolvers.py", line 831, in _reverse_with_prefix
    raise NoReverseMatch(msg)
django.urls.exceptions.NoReverseMatch: Reverse for 'login' not found. 'login' is not a valid view function or pattern name.
ERROR 2025-08-25 13:46:03,680 basehttp 48783 131435318994624 "GET /auth/login/?next=/ HTTP/1.1" 500 76178
ERROR 2025-08-25 13:46:28,394 log 48783 131435318994624 Internal Server Error: /auth/login/
Traceback (most recent call last):
  File "/home/net/analyzer/env/lib/python3.12/site-packages/django/core/handlers/exception.py", line 55, in inner
    response = get_response(request)
               ^^^^^^^^^^^^^^^^^^^^^
  File "/home/net/analyzer/env/lib/python3.12/site-packages/django/utils/deprecation.py", line 119, in __call__
    response = self.process_request(request)
               ^^^^^^^^^^^^^^^^^^^^^^^^^^^^^
  File "/home/net/analyzer/dashboard/auth/middleware.py", line 38, in process_request
    reverse('dashboard:login'),
    ^^^^^^^^^^^^^^^^^^^^^^^^^^
  File "/home/net/analyzer/env/lib/python3.12/site-packages/django/urls/base.py", line 98, in reverse
    resolved_url = resolver._reverse_with_prefix(view, prefix, *args, **kwargs)
                   ^^^^^^^^^^^^^^^^^^^^^^^^^^^^^^^^^^^^^^^^^^^^^^^^^^^^^^^^^^^^
  File "/home/net/analyzer/env/lib/python3.12/site-packages/django/urls/resolvers.py", line 831, in _reverse_with_prefix
    raise NoReverseMatch(msg)
django.urls.exceptions.NoReverseMatch: Reverse for 'login' not found. 'login' is not a valid view function or pattern name.
ERROR 2025-08-25 13:46:28,395 basehttp 48783 131435318994624 "GET /auth/login/?next=/ HTTP/1.1" 500 76178
ERROR 2025-08-25 13:46:30,066 log 48783 131435318994624 Internal Server Error: /auth/login/
Traceback (most recent call last):
  File "/home/net/analyzer/env/lib/python3.12/site-packages/django/core/handlers/exception.py", line 55, in inner
    response = get_response(request)
               ^^^^^^^^^^^^^^^^^^^^^
  File "/home/net/analyzer/env/lib/python3.12/site-packages/django/utils/deprecation.py", line 119, in __call__
    response = self.process_request(request)
               ^^^^^^^^^^^^^^^^^^^^^^^^^^^^^
  File "/home/net/analyzer/dashboard/auth/middleware.py", line 38, in process_request
    reverse('dashboard:login'),
    ^^^^^^^^^^^^^^^^^^^^^^^^^^
  File "/home/net/analyzer/env/lib/python3.12/site-packages/django/urls/base.py", line 98, in reverse
    resolved_url = resolver._reverse_with_prefix(view, prefix, *args, **kwargs)
                   ^^^^^^^^^^^^^^^^^^^^^^^^^^^^^^^^^^^^^^^^^^^^^^^^^^^^^^^^^^^^
  File "/home/net/analyzer/env/lib/python3.12/site-packages/django/urls/resolvers.py", line 831, in _reverse_with_prefix
    raise NoReverseMatch(msg)
django.urls.exceptions.NoReverseMatch: Reverse for 'login' not found. 'login' is not a valid view function or pattern name.
ERROR 2025-08-25 13:46:30,067 basehttp 48783 131435318994624 "GET /auth/login/?next=/ HTTP/1.1" 500 76178
ERROR 2025-08-25 13:46:34,905 log 48783 131435318994624 Internal Server Error: /auth/login/
Traceback (most recent call last):
  File "/home/net/analyzer/env/lib/python3.12/site-packages/django/core/handlers/exception.py", line 55, in inner
    response = get_response(request)
               ^^^^^^^^^^^^^^^^^^^^^
  File "/home/net/analyzer/env/lib/python3.12/site-packages/django/utils/deprecation.py", line 119, in __call__
    response = self.process_request(request)
               ^^^^^^^^^^^^^^^^^^^^^^^^^^^^^
  File "/home/net/analyzer/dashboard/auth/middleware.py", line 38, in process_request
    reverse('dashboard:login'),
    ^^^^^^^^^^^^^^^^^^^^^^^^^^
  File "/home/net/analyzer/env/lib/python3.12/site-packages/django/urls/base.py", line 98, in reverse
    resolved_url = resolver._reverse_with_prefix(view, prefix, *args, **kwargs)
                   ^^^^^^^^^^^^^^^^^^^^^^^^^^^^^^^^^^^^^^^^^^^^^^^^^^^^^^^^^^^^
  File "/home/net/analyzer/env/lib/python3.12/site-packages/django/urls/resolvers.py", line 831, in _reverse_with_prefix
    raise NoReverseMatch(msg)
django.urls.exceptions.NoReverseMatch: Reverse for 'login' not found. 'login' is not a valid view function or pattern name.
ERROR 2025-08-25 13:46:34,906 basehttp 48783 131435318994624 "GET /auth/login/?next=/ HTTP/1.1" 500 76178
ERROR 2025-08-25 13:48:18,685 log 48783 131435318994624 Internal Server Error: /auth/login/
Traceback (most recent call last):
  File "/home/net/analyzer/env/lib/python3.12/site-packages/django/core/handlers/exception.py", line 55, in inner
    response = get_response(request)
               ^^^^^^^^^^^^^^^^^^^^^
  File "/home/net/analyzer/env/lib/python3.12/site-packages/django/utils/deprecation.py", line 119, in __call__
    response = self.process_request(request)
               ^^^^^^^^^^^^^^^^^^^^^^^^^^^^^
  File "/home/net/analyzer/dashboard/auth/middleware.py", line 38, in process_request
    reverse('dashboard:login'),
    ^^^^^^^^^^^^^^^^^^^^^^^^^^
  File "/home/net/analyzer/env/lib/python3.12/site-packages/django/urls/base.py", line 98, in reverse
    resolved_url = resolver._reverse_with_prefix(view, prefix, *args, **kwargs)
                   ^^^^^^^^^^^^^^^^^^^^^^^^^^^^^^^^^^^^^^^^^^^^^^^^^^^^^^^^^^^^
  File "/home/net/analyzer/env/lib/python3.12/site-packages/django/urls/resolvers.py", line 831, in _reverse_with_prefix
    raise NoReverseMatch(msg)
django.urls.exceptions.NoReverseMatch: Reverse for 'login' not found. 'login' is not a valid view function or pattern name.
ERROR 2025-08-25 13:48:18,685 basehttp 48783 131435318994624 "GET /auth/login/?next=/ HTTP/1.1" 500 76178
ERROR 2025-08-25 13:48:44,415 log 48783 131435318994624 Internal Server Error: /auth/login/
Traceback (most recent call last):
  File "/home/net/analyzer/env/lib/python3.12/site-packages/django/core/handlers/exception.py", line 55, in inner
    response = get_response(request)
               ^^^^^^^^^^^^^^^^^^^^^
  File "/home/net/analyzer/env/lib/python3.12/site-packages/django/utils/deprecation.py", line 119, in __call__
    response = self.process_request(request)
               ^^^^^^^^^^^^^^^^^^^^^^^^^^^^^
  File "/home/net/analyzer/dashboard/auth/middleware.py", line 38, in process_request
    reverse('dashboard:login'),
    ^^^^^^^^^^^^^^^^^^^^^^^^^^
  File "/home/net/analyzer/env/lib/python3.12/site-packages/django/urls/base.py", line 98, in reverse
    resolved_url = resolver._reverse_with_prefix(view, prefix, *args, **kwargs)
                   ^^^^^^^^^^^^^^^^^^^^^^^^^^^^^^^^^^^^^^^^^^^^^^^^^^^^^^^^^^^^
  File "/home/net/analyzer/env/lib/python3.12/site-packages/django/urls/resolvers.py", line 831, in _reverse_with_prefix
    raise NoReverseMatch(msg)
django.urls.exceptions.NoReverseMatch: Reverse for 'login' not found. 'login' is not a valid view function or pattern name.
ERROR 2025-08-25 13:48:44,416 basehttp 48783 131435318994624 "GET /auth/login/?next=/ HTTP/1.1" 500 76178
INFO 2025-08-25 13:49:07,186 autoreload 48783 131435459059840 /home/net/analyzer/dashboard/views/auth.py changed, reloading.
INFO 2025-08-25 13:49:07,479 autoreload 52258 125765903978624 Watching for file changes with StatReloader
INFO 2025-08-25 13:49:27,827 autoreload 52258 125765903978624 /home/net/analyzer/dashboard/auth/middleware.py changed, reloading.
INFO 2025-08-25 13:49:28,127 autoreload 52657 137121340530816 Watching for file changes with StatReloader
INFO 2025-08-25 13:49:41,440 autoreload 52657 137121340530816 /home/net/analyzer/dashboard/auth/decorators.py changed, reloading.
INFO 2025-08-25 13:49:41,737 autoreload 52917 124722119704704 Watching for file changes with StatReloader
INFO 2025-08-25 13:50:21,208 basehttp 52917 124722047555264 "HEAD /dashboard/ HTTP/1.1" 302 0
INFO 2025-08-25 13:50:27,416 basehttp 52917 124722047555264 "HEAD /auth/login/ HTTP/1.1" 200 0
INFO 2025-08-25 13:57:40,570 basehttp 52917 124722047555264 "GET /auth/login/?next=/ HTTP/1.1" 200 16932
INFO 2025-08-25 13:57:40,622 basehttp 52917 124722047555264 "GET /static/dashboard/css/auth.css HTTP/1.1" 304 0
INFO 2025-08-25 13:57:47,126 basehttp 52917 124722047555264 "POST /auth/login/?next=/ HTTP/1.1" 302 0
INFO 2025-08-25 13:57:47,420 basehttp 52917 124722047555264 "GET / HTTP/1.1" 200 105138
INFO 2025-08-25 13:57:47,894 basehttp 52917 124722038113984 "GET /static/dashboard/js/auth.js HTTP/1.1" 200 24587
INFO 2025-08-25 13:58:06,201 basehttp 52917 124722038113984 "GET / HTTP/1.1" 200 105236
WARNING 2025-08-25 13:58:11,033 base 52917 124722038113984 Method Not Allowed (GET): /auth/logout/
WARNING 2025-08-25 13:58:11,036 log 52917 124722038113984 Method Not Allowed: /auth/logout/
WARNING 2025-08-25 13:58:11,036 basehttp 52917 124722038113984 "GET /auth/logout/ HTTP/1.1" 405 0
ERROR 2025-08-25 13:58:15,788 log 52917 124722038113984 Internal Server Error: /
Traceback (most recent call last):
  File "/home/net/analyzer/dashboard/auth/middleware.py", line 64, in process_request
    user_session = UserSession.objects.get(
                   ^^^^^^^^^^^^^^^^^^^^^^^^
  File "/home/net/analyzer/env/lib/python3.12/site-packages/django/db/models/manager.py", line 87, in manager_method
    return getattr(self.get_queryset(), name)(*args, **kwargs)
           ^^^^^^^^^^^^^^^^^^^^^^^^^^^^^^^^^^^^^^^^^^^^^^^^^^^
  File "/home/net/analyzer/env/lib/python3.12/site-packages/django/db/models/query.py", line 633, in get
    raise self.model.DoesNotExist(
dashboard.models.auth.UserSession.DoesNotExist: UserSession matching query does not exist.

During handling of the above exception, another exception occurred:

Traceback (most recent call last):
  File "/home/net/analyzer/env/lib/python3.12/site-packages/django/db/backends/utils.py", line 105, in _execute
    return self.cursor.execute(sql, params)
           ^^^^^^^^^^^^^^^^^^^^^^^^^^^^^^^^
  File "/home/net/analyzer/env/lib/python3.12/site-packages/django/db/backends/sqlite3/base.py", line 360, in execute
    return super().execute(query, params)
           ^^^^^^^^^^^^^^^^^^^^^^^^^^^^^^
sqlite3.IntegrityError: UNIQUE constraint failed: auth_user_sessions.session_key

The above exception was the direct cause of the following exception:

Traceback (most recent call last):
  File "/home/net/analyzer/dashboard/auth/middleware.py", line 114, in process_request
    user_session = UserSession.objects.create(
                   ^^^^^^^^^^^^^^^^^^^^^^^^^^^
  File "/home/net/analyzer/env/lib/python3.12/site-packages/django/db/models/manager.py", line 87, in manager_method
    return getattr(self.get_queryset(), name)(*args, **kwargs)
           ^^^^^^^^^^^^^^^^^^^^^^^^^^^^^^^^^^^^^^^^^^^^^^^^^^^
  File "/home/net/analyzer/env/lib/python3.12/site-packages/django/db/models/query.py", line 663, in create
    obj.save(force_insert=True, using=self.db)
  File "/home/net/analyzer/env/lib/python3.12/site-packages/django/db/models/base.py", line 902, in save
    self.save_base(
  File "/home/net/analyzer/env/lib/python3.12/site-packages/django/db/models/base.py", line 1008, in save_base
    updated = self._save_table(
              ^^^^^^^^^^^^^^^^^
  File "/home/net/analyzer/env/lib/python3.12/site-packages/django/db/models/base.py", line 1169, in _save_table
    results = self._do_insert(
              ^^^^^^^^^^^^^^^^
  File "/home/net/analyzer/env/lib/python3.12/site-packages/django/db/models/base.py", line 1210, in _do_insert
    return manager._insert(
           ^^^^^^^^^^^^^^^^
  File "/home/net/analyzer/env/lib/python3.12/site-packages/django/db/models/manager.py", line 87, in manager_method
    return getattr(self.get_queryset(), name)(*args, **kwargs)
           ^^^^^^^^^^^^^^^^^^^^^^^^^^^^^^^^^^^^^^^^^^^^^^^^^^^
  File "/home/net/analyzer/env/lib/python3.12/site-packages/django/db/models/query.py", line 1864, in _insert
    return query.get_compiler(using=using).execute_sql(returning_fields)
           ^^^^^^^^^^^^^^^^^^^^^^^^^^^^^^^^^^^^^^^^^^^^^^^^^^^^^^^^^^^^^
  File "/home/net/analyzer/env/lib/python3.12/site-packages/django/db/models/sql/compiler.py", line 1882, in execute_sql
    cursor.execute(sql, params)
  File "/home/net/analyzer/env/lib/python3.12/site-packages/django/db/backends/utils.py", line 122, in execute
    return super().execute(sql, params)
           ^^^^^^^^^^^^^^^^^^^^^^^^^^^^
  File "/home/net/analyzer/env/lib/python3.12/site-packages/django/db/backends/utils.py", line 79, in execute
    return self._execute_with_wrappers(
           ^^^^^^^^^^^^^^^^^^^^^^^^^^^^
  File "/home/net/analyzer/env/lib/python3.12/site-packages/django/db/backends/utils.py", line 92, in _execute_with_wrappers
    return executor(sql, params, many, context)
           ^^^^^^^^^^^^^^^^^^^^^^^^^^^^^^^^^^^^
  File "/home/net/analyzer/env/lib/python3.12/site-packages/django/db/backends/utils.py", line 100, in _execute
    with self.db.wrap_database_errors:
  File "/home/net/analyzer/env/lib/python3.12/site-packages/django/db/utils.py", line 91, in __exit__
    raise dj_exc_value.with_traceback(traceback) from exc_value
  File "/home/net/analyzer/env/lib/python3.12/site-packages/django/db/backends/utils.py", line 105, in _execute
    return self.cursor.execute(sql, params)
           ^^^^^^^^^^^^^^^^^^^^^^^^^^^^^^^^
  File "/home/net/analyzer/env/lib/python3.12/site-packages/django/db/backends/sqlite3/base.py", line 360, in execute
    return super().execute(query, params)
           ^^^^^^^^^^^^^^^^^^^^^^^^^^^^^^
django.db.utils.IntegrityError: UNIQUE constraint failed: auth_user_sessions.session_key

During handling of the above exception, another exception occurred:

Traceback (most recent call last):
  File "/home/net/analyzer/env/lib/python3.12/site-packages/django/contrib/messages/api.py", line 27, in add_message
    messages = request._messages
               ^^^^^^^^^^^^^^^^^
AttributeError: 'WSGIRequest' object has no attribute '_messages'

During handling of the above exception, another exception occurred:

Traceback (most recent call last):
  File "/home/net/analyzer/env/lib/python3.12/site-packages/django/core/handlers/exception.py", line 55, in inner
    response = get_response(request)
               ^^^^^^^^^^^^^^^^^^^^^
  File "/home/net/analyzer/env/lib/python3.12/site-packages/django/utils/deprecation.py", line 119, in __call__
    response = self.process_request(request)
               ^^^^^^^^^^^^^^^^^^^^^^^^^^^^^
  File "/home/net/analyzer/dashboard/auth/middleware.py", line 147, in process_request
    messages.error(request, 'A security error occurred. Please log in again.')
  File "/home/net/analyzer/env/lib/python3.12/site-packages/django/contrib/messages/api.py", line 121, in error
    add_message(
  File "/home/net/analyzer/env/lib/python3.12/site-packages/django/contrib/messages/api.py", line 35, in add_message
    raise MessageFailure(
django.contrib.messages.api.MessageFailure: You cannot add messages without installing django.contrib.messages.middleware.MessageMiddleware
ERROR 2025-08-25 13:58:15,796 basehttp 52917 124722038113984 "GET / HTTP/1.1" 500 201778
INFO 2025-08-25 14:20:45,023 basehttp 52917 124722038113984 "GET /auth/login/ HTTP/1.1" 200 16932
WARNING 2025-08-25 14:21:44,993 base 52917 124722038113984 Method Not Allowed (GET): /auth/logout/
WARNING 2025-08-25 14:21:44,997 log 52917 124722038113984 Method Not Allowed: /auth/logout/
WARNING 2025-08-25 14:21:44,997 basehttp 52917 124722038113984 "GET /auth/logout/ HTTP/1.1" 405 0
INFO 2025-08-25 14:25:44,974 basehttp 52917 124722038113984 "GET / HTTP/1.1" 302 0
INFO 2025-08-25 14:25:44,980 basehttp 52917 124722038113984 "GET /auth/login/?next=/ HTTP/1.1" 200 16932
ERROR 2025-08-26 08:36:47,612 log 68348 131574390214784 Internal Server Error: /
Traceback (most recent call last):
  File "/home/net/analyzer/env/lib/python3.12/site-packages/django/core/handlers/exception.py", line 55, in inner
    response = get_response(request)
               ^^^^^^^^^^^^^^^^^^^^^
  File "/home/net/analyzer/env/lib/python3.12/site-packages/django/utils/deprecation.py", line 119, in __call__
    response = self.process_request(request)
               ^^^^^^^^^^^^^^^^^^^^^^^^^^^^^
  File "/home/net/analyzer/dashboard/auth/middleware.py", line 38, in process_request
    reverse('auth:login'),
  File "/home/net/analyzer/env/lib/python3.12/site-packages/django/urls/base.py", line 98, in reverse
    resolved_url = resolver._reverse_with_prefix(view, prefix, *args, **kwargs)
                   ^^^^^^^^^^^^^^^^^^^^^^^^^^^^^^^^^^^^^^^^^^^^^^^^^^^^^^^^^^^^
  File "/home/net/analyzer/env/lib/python3.12/site-packages/django/urls/resolvers.py", line 831, in _reverse_with_prefix
    raise NoReverseMatch(msg)
django.urls.exceptions.NoReverseMatch: Reverse for 'login' not found. 'login' is not a valid view function or pattern name.
INFO 2025-08-26 08:36:54,873 basehttp 52917 124722038113984 "GET /logs/ HTTP/1.1" 302 0
INFO 2025-08-26 08:36:54,974 basehttp 52917 124722038113984 "GET /auth/login/?next=/logs/ HTTP/1.1" 200 16932
INFO 2025-08-26 08:36:55,049 basehttp 52917 124722047555264 "GET /static/dashboard/css/auth.css HTTP/1.1" 304 0
WARNING 2025-08-26 08:36:55,412 log 52917 124722038113984 Not Found: /favicon.ico
WARNING 2025-08-26 08:36:55,412 basehttp 52917 124722038113984 "GET /favicon.ico HTTP/1.1" 404 4720
INFO 2025-08-26 08:37:02,504 basehttp 52917 124722038113984 "POST /auth/login/?next=/logs/ HTTP/1.1" 302 0
INFO 2025-08-26 08:37:02,720 basehttp 52917 124722038113984 "GET /logs/ HTTP/1.1" 200 104105
INFO 2025-08-26 08:37:03,176 basehttp 52917 124722047555264 "GET /static/dashboard/js/auth.js HTTP/1.1" 304 0
INFO 2025-08-26 08:37:14,016 basehttp 52917 124722047555264 "GET /logs/?dstip=54.209.158.254&time_range=last_hour HTTP/1.1" 200 59637
INFO 2025-08-26 08:37:22,037 basehttp 52917 124722047555264 "GET /logs/?dstip=54.209.158.254&time_range=last_hour HTTP/1.1" 200 59637
INFO 2025-08-26 08:37:27,514 basehttp 52917 124722047555264 "GET /logs/?dstip=54.209.158.254&time_range=last_hour HTTP/1.1" 200 59637
WARNING 2025-08-26 08:37:58,522 log 52917 124722047555264 Not Found: /auth/notifications/check/
WARNING 2025-08-26 08:37:58,523 basehttp 52917 124722047555264 "GET /auth/notifications/check/ HTTP/1.1" 404 9547
WARNING 2025-08-26 08:38:28,509 log 52917 124722047555264 Not Found: /auth/notifications/check/
WARNING 2025-08-26 08:38:28,509 basehttp 52917 124722047555264 "GET /auth/notifications/check/ HTTP/1.1" 404 9547
WARNING 2025-08-26 08:38:59,250 log 52917 124722047555264 Not Found: /auth/notifications/check/
WARNING 2025-08-26 08:38:59,251 basehttp 52917 124722047555264 "GET /auth/notifications/check/ HTTP/1.1" 404 9547
WARNING 2025-08-26 08:39:28,506 log 52917 124722047555264 Not Found: /auth/notifications/check/
WARNING 2025-08-26 08:39:28,506 basehttp 52917 124722047555264 "GET /auth/notifications/check/ HTTP/1.1" 404 9547
WARNING 2025-08-26 08:39:58,518 log 52917 124722047555264 Not Found: /auth/notifications/check/
WARNING 2025-08-26 08:39:58,518 basehttp 52917 124722047555264 "GET /auth/notifications/check/ HTTP/1.1" 404 9547
WARNING 2025-08-26 08:40:28,511 log 52917 124722047555264 Not Found: /auth/notifications/check/
WARNING 2025-08-26 08:40:28,512 basehttp 52917 124722047555264 "GET /auth/notifications/check/ HTTP/1.1" 404 9547
WARNING 2025-08-26 08:41:44,516 log 52917 124722047555264 Not Found: /auth/notifications/check/
WARNING 2025-08-26 08:41:44,516 basehttp 52917 124722047555264 "GET /auth/notifications/check/ HTTP/1.1" 404 9547
WARNING 2025-08-26 08:42:44,519 log 52917 124722047555264 Not Found: /auth/notifications/check/
WARNING 2025-08-26 08:42:44,520 basehttp 52917 124722047555264 "GET /auth/notifications/check/ HTTP/1.1" 404 9547
WARNING 2025-08-26 08:43:44,532 log 52917 124722047555264 Not Found: /auth/notifications/check/
WARNING 2025-08-26 08:43:44,532 basehttp 52917 124722047555264 "GET /auth/notifications/check/ HTTP/1.1" 404 9547
WARNING 2025-08-26 08:44:44,526 log 52917 124722047555264 Not Found: /auth/notifications/check/
WARNING 2025-08-26 08:44:44,526 basehttp 52917 124722047555264 "GET /auth/notifications/check/ HTTP/1.1" 404 9547
WARNING 2025-08-26 08:45:44,529 log 52917 124722047555264 Not Found: /auth/notifications/check/
WARNING 2025-08-26 08:45:44,529 basehttp 52917 124722047555264 "GET /auth/notifications/check/ HTTP/1.1" 404 9547
WARNING 2025-08-26 08:46:44,532 log 52917 124722047555264 Not Found: /auth/notifications/check/
WARNING 2025-08-26 08:46:44,532 basehttp 52917 124722047555264 "GET /auth/notifications/check/ HTTP/1.1" 404 9547
WARNING 2025-08-26 08:47:44,524 log 52917 124722047555264 Not Found: /auth/notifications/check/
WARNING 2025-08-26 08:47:44,524 basehttp 52917 124722047555264 "GET /auth/notifications/check/ HTTP/1.1" 404 9547
WARNING 2025-08-26 08:48:44,523 log 52917 124722047555264 Not Found: /auth/notifications/check/
WARNING 2025-08-26 08:48:44,523 basehttp 52917 124722047555264 "GET /auth/notifications/check/ HTTP/1.1" 404 9547
WARNING 2025-08-26 08:49:44,531 log 52917 124722047555264 Not Found: /auth/notifications/check/
WARNING 2025-08-26 08:49:44,532 basehttp 52917 124722047555264 "GET /auth/notifications/check/ HTTP/1.1" 404 9547
WARNING 2025-08-26 08:50:44,528 log 52917 124722047555264 Not Found: /auth/notifications/check/
WARNING 2025-08-26 08:50:44,529 basehttp 52917 124722047555264 "GET /auth/notifications/check/ HTTP/1.1" 404 9547
WARNING 2025-08-26 08:51:44,530 log 52917 124722047555264 Not Found: /auth/notifications/check/
WARNING 2025-08-26 08:51:44,530 basehttp 52917 124722047555264 "GET /auth/notifications/check/ HTTP/1.1" 404 9547
WARNING 2025-08-26 08:52:44,539 log 52917 124722047555264 Not Found: /auth/notifications/check/
WARNING 2025-08-26 08:52:44,540 basehttp 52917 124722047555264 "GET /auth/notifications/check/ HTTP/1.1" 404 9547
WARNING 2025-08-26 08:53:44,541 log 52917 124722047555264 Not Found: /auth/notifications/check/
WARNING 2025-08-26 08:53:44,541 basehttp 52917 124722047555264 "GET /auth/notifications/check/ HTTP/1.1" 404 9547
WARNING 2025-08-26 08:54:44,547 log 52917 124722047555264 Not Found: /auth/notifications/check/
WARNING 2025-08-26 08:54:44,547 basehttp 52917 124722047555264 "GET /auth/notifications/check/ HTTP/1.1" 404 9547
WARNING 2025-08-26 08:55:44,531 log 52917 124722047555264 Not Found: /auth/notifications/check/
WARNING 2025-08-26 08:55:44,532 basehttp 52917 124722047555264 "GET /auth/notifications/check/ HTTP/1.1" 404 9547
WARNING 2025-08-26 08:56:44,542 log 52917 124722047555264 Not Found: /auth/notifications/check/
WARNING 2025-08-26 08:56:44,543 basehttp 52917 124722047555264 "GET /auth/notifications/check/ HTTP/1.1" 404 9547
WARNING 2025-08-26 08:57:44,550 log 52917 124722047555264 Not Found: /auth/notifications/check/
WARNING 2025-08-26 08:57:44,550 basehttp 52917 124722047555264 "GET /auth/notifications/check/ HTTP/1.1" 404 9547
WARNING 2025-08-26 08:58:44,534 log 52917 124722047555264 Not Found: /auth/notifications/check/
WARNING 2025-08-26 08:58:44,534 basehttp 52917 124722047555264 "GET /auth/notifications/check/ HTTP/1.1" 404 9547
WARNING 2025-08-26 08:59:44,538 log 52917 124722047555264 Not Found: /auth/notifications/check/
WARNING 2025-08-26 08:59:44,539 basehttp 52917 124722047555264 "GET /auth/notifications/check/ HTTP/1.1" 404 9547
WARNING 2025-08-26 09:00:44,542 log 52917 124722047555264 Not Found: /auth/notifications/check/
WARNING 2025-08-26 09:00:44,542 basehttp 52917 124722047555264 "GET /auth/notifications/check/ HTTP/1.1" 404 9547
WARNING 2025-08-26 09:01:44,553 log 52917 124722047555264 Not Found: /auth/notifications/check/
WARNING 2025-08-26 09:01:44,553 basehttp 52917 124722047555264 "GET /auth/notifications/check/ HTTP/1.1" 404 9547
WARNING 2025-08-26 09:02:44,537 log 52917 124722047555264 Not Found: /auth/notifications/check/
WARNING 2025-08-26 09:02:44,538 basehttp 52917 124722047555264 "GET /auth/notifications/check/ HTTP/1.1" 404 9547
WARNING 2025-08-26 09:03:44,547 log 52917 124722047555264 Not Found: /auth/notifications/check/
WARNING 2025-08-26 09:03:44,547 basehttp 52917 124722047555264 "GET /auth/notifications/check/ HTTP/1.1" 404 9547
WARNING 2025-08-26 09:04:44,538 log 52917 124722047555264 Not Found: /auth/notifications/check/
WARNING 2025-08-26 09:04:44,538 basehttp 52917 124722047555264 "GET /auth/notifications/check/ HTTP/1.1" 404 9547
WARNING 2025-08-26 09:05:44,553 log 52917 124722047555264 Not Found: /auth/notifications/check/
WARNING 2025-08-26 09:05:44,553 basehttp 52917 124722047555264 "GET /auth/notifications/check/ HTTP/1.1" 404 9547
WARNING 2025-08-26 09:06:44,545 log 52917 124722047555264 Not Found: /auth/notifications/check/
WARNING 2025-08-26 09:06:44,545 basehttp 52917 124722047555264 "GET /auth/notifications/check/ HTTP/1.1" 404 9547
WARNING 2025-08-26 09:07:44,555 log 52917 124722047555264 Not Found: /auth/notifications/check/
WARNING 2025-08-26 09:07:44,556 basehttp 52917 124722047555264 "GET /auth/notifications/check/ HTTP/1.1" 404 9547
WARNING 2025-08-26 09:08:44,582 log 52917 124722038113984 Not Found: /auth/notifications/check/
WARNING 2025-08-26 09:08:44,582 basehttp 52917 124722038113984 "GET /auth/notifications/check/ HTTP/1.1" 404 9547
INFO 2025-08-26 09:08:44,586 basehttp 52917 124722047555264 "GET /auth/login/ HTTP/1.1" 302 0
INFO 2025-08-26 09:08:44,820 basehttp 52917 124722047555264 "GET / HTTP/1.1" 200 104027
WARNING 2025-08-26 09:09:15,547 log 52917 124722047555264 Not Found: /auth/notifications/check/
WARNING 2025-08-26 09:09:15,548 basehttp 52917 124722047555264 "GET /auth/notifications/check/ HTTP/1.1" 404 9547
WARNING 2025-08-26 09:09:45,551 log 52917 124722047555264 Not Found: /auth/notifications/check/
WARNING 2025-08-26 09:09:45,551 basehttp 52917 124722047555264 "GET /auth/notifications/check/ HTTP/1.1" 404 9547
WARNING 2025-08-26 09:10:15,556 log 52917 124722047555264 Not Found: /auth/notifications/check/
WARNING 2025-08-26 09:10:15,557 basehttp 52917 124722047555264 "GET /auth/notifications/check/ HTTP/1.1" 404 9547
WARNING 2025-08-26 09:10:45,562 log 52917 124722047555264 Not Found: /auth/notifications/check/
WARNING 2025-08-26 09:10:45,562 basehttp 52917 124722047555264 "GET /auth/notifications/check/ HTTP/1.1" 404 9547
WARNING 2025-08-26 09:11:15,539 log 52917 124722047555264 Not Found: /auth/notifications/check/
WARNING 2025-08-26 09:11:15,539 basehttp 52917 124722047555264 "GET /auth/notifications/check/ HTTP/1.1" 404 9547
WARNING 2025-08-26 09:11:45,560 log 52917 124722047555264 Not Found: /auth/notifications/check/
WARNING 2025-08-26 09:11:45,560 basehttp 52917 124722047555264 "GET /auth/notifications/check/ HTTP/1.1" 404 9547
WARNING 2025-08-26 09:12:44,555 log 52917 124722047555264 Not Found: /auth/notifications/check/
WARNING 2025-08-26 09:12:44,556 basehttp 52917 124722047555264 "GET /auth/notifications/check/ HTTP/1.1" 404 9547
WARNING 2025-08-26 09:13:44,580 log 52917 124722047555264 Not Found: /auth/notifications/check/
WARNING 2025-08-26 09:13:44,580 basehttp 52917 124722047555264 "GET /auth/notifications/check/ HTTP/1.1" 404 9547
WARNING 2025-08-26 09:14:44,551 log 52917 124722047555264 Not Found: /auth/notifications/check/
WARNING 2025-08-26 09:14:44,551 basehttp 52917 124722047555264 "GET /auth/notifications/check/ HTTP/1.1" 404 9547
WARNING 2025-08-26 09:15:44,572 log 52917 124722047555264 Not Found: /auth/notifications/check/
WARNING 2025-08-26 09:15:44,572 basehttp 52917 124722047555264 "GET /auth/notifications/check/ HTTP/1.1" 404 9547
WARNING 2025-08-26 09:16:44,555 log 52917 124722047555264 Not Found: /auth/notifications/check/
WARNING 2025-08-26 09:16:44,556 basehttp 52917 124722047555264 "GET /auth/notifications/check/ HTTP/1.1" 404 9547
WARNING 2025-08-26 09:17:44,552 log 52917 124722047555264 Not Found: /auth/notifications/check/
WARNING 2025-08-26 09:17:44,553 basehttp 52917 124722047555264 "GET /auth/notifications/check/ HTTP/1.1" 404 9547
WARNING 2025-08-26 09:18:44,541 log 52917 124722047555264 Not Found: /auth/notifications/check/
WARNING 2025-08-26 09:18:44,541 basehttp 52917 124722047555264 "GET /auth/notifications/check/ HTTP/1.1" 404 9547
WARNING 2025-08-26 09:19:44,565 log 52917 124722047555264 Not Found: /auth/notifications/check/
WARNING 2025-08-26 09:19:44,565 basehttp 52917 124722047555264 "GET /auth/notifications/check/ HTTP/1.1" 404 9547
WARNING 2025-08-26 09:20:44,566 log 52917 124722047555264 Not Found: /auth/notifications/check/
WARNING 2025-08-26 09:20:44,566 basehttp 52917 124722047555264 "GET /auth/notifications/check/ HTTP/1.1" 404 9547
WARNING 2025-08-26 09:21:44,567 log 52917 124722047555264 Not Found: /auth/notifications/check/
WARNING 2025-08-26 09:21:44,567 basehttp 52917 124722047555264 "GET /auth/notifications/check/ HTTP/1.1" 404 9547
WARNING 2025-08-26 09:22:44,571 log 52917 124722047555264 Not Found: /auth/notifications/check/
WARNING 2025-08-26 09:22:44,571 basehttp 52917 124722047555264 "GET /auth/notifications/check/ HTTP/1.1" 404 9547
WARNING 2025-08-26 09:23:44,576 log 52917 124722047555264 Not Found: /auth/notifications/check/
WARNING 2025-08-26 09:23:44,577 basehttp 52917 124722047555264 "GET /auth/notifications/check/ HTTP/1.1" 404 9547
WARNING 2025-08-26 09:24:44,577 log 52917 124722047555264 Not Found: /auth/notifications/check/
WARNING 2025-08-26 09:24:44,577 basehttp 52917 124722047555264 "GET /auth/notifications/check/ HTTP/1.1" 404 9547
WARNING 2025-08-26 09:25:44,572 log 52917 124722047555264 Not Found: /auth/notifications/check/
WARNING 2025-08-26 09:25:44,573 basehttp 52917 124722047555264 "GET /auth/notifications/check/ HTTP/1.1" 404 9547
WARNING 2025-08-26 09:26:44,582 log 52917 124722047555264 Not Found: /auth/notifications/check/
WARNING 2025-08-26 09:26:44,583 basehttp 52917 124722047555264 "GET /auth/notifications/check/ HTTP/1.1" 404 9547
WARNING 2025-08-26 09:27:44,603 log 52917 124722047555264 Not Found: /auth/notifications/check/
WARNING 2025-08-26 09:27:44,603 basehttp 52917 124722047555264 "GET /auth/notifications/check/ HTTP/1.1" 404 9547
WARNING 2025-08-26 09:28:44,583 log 52917 124722047555264 Not Found: /auth/notifications/check/
WARNING 2025-08-26 09:28:44,584 basehttp 52917 124722047555264 "GET /auth/notifications/check/ HTTP/1.1" 404 9547
WARNING 2025-08-26 09:29:44,582 log 52917 124722047555264 Not Found: /auth/notifications/check/
WARNING 2025-08-26 09:29:44,582 basehttp 52917 124722047555264 "GET /auth/notifications/check/ HTTP/1.1" 404 9547
WARNING 2025-08-26 09:30:44,585 log 52917 124722047555264 Not Found: /auth/notifications/check/
WARNING 2025-08-26 09:30:44,585 basehttp 52917 124722047555264 "GET /auth/notifications/check/ HTTP/1.1" 404 9547
WARNING 2025-08-26 09:31:44,612 log 52917 124722047555264 Not Found: /auth/notifications/check/
WARNING 2025-08-26 09:31:44,612 basehttp 52917 124722047555264 "GET /auth/notifications/check/ HTTP/1.1" 404 9547
WARNING 2025-08-26 09:32:44,602 log 52917 124722047555264 Not Found: /auth/notifications/check/
WARNING 2025-08-26 09:32:44,602 basehttp 52917 124722047555264 "GET /auth/notifications/check/ HTTP/1.1" 404 9547
WARNING 2025-08-26 09:33:44,583 log 52917 124722047555264 Not Found: /auth/notifications/check/
WARNING 2025-08-26 09:33:44,584 basehttp 52917 124722047555264 "GET /auth/notifications/check/ HTTP/1.1" 404 9547
WARNING 2025-08-26 09:34:44,610 log 52917 124722047555264 Not Found: /auth/notifications/check/
WARNING 2025-08-26 09:34:44,610 basehttp 52917 124722047555264 "GET /auth/notifications/check/ HTTP/1.1" 404 9547
WARNING 2025-08-26 09:35:44,581 log 52917 124722047555264 Not Found: /auth/notifications/check/
WARNING 2025-08-26 09:35:44,581 basehttp 52917 124722047555264 "GET /auth/notifications/check/ HTTP/1.1" 404 9547
WARNING 2025-08-26 09:36:44,590 log 52917 124722047555264 Not Found: /auth/notifications/check/
WARNING 2025-08-26 09:36:44,590 basehttp 52917 124722047555264 "GET /auth/notifications/check/ HTTP/1.1" 404 9547
WARNING 2025-08-26 09:37:44,598 log 52917 124722047555264 Not Found: /auth/notifications/check/
WARNING 2025-08-26 09:37:44,598 basehttp 52917 124722047555264 "GET /auth/notifications/check/ HTTP/1.1" 404 9547
WARNING 2025-08-26 09:38:44,586 log 52917 124722047555264 Not Found: /auth/notifications/check/
WARNING 2025-08-26 09:38:44,586 basehttp 52917 124722047555264 "GET /auth/notifications/check/ HTTP/1.1" 404 9547
WARNING 2025-08-26 12:28:22,642 log 52917 124722047555264 Not Found: /auth/notifications/check/
WARNING 2025-08-26 12:28:22,642 basehttp 52917 124722047555264 "GET /auth/notifications/check/ HTTP/1.1" 404 9547
WARNING 2025-08-26 12:28:45,788 log 52917 124722047555264 Not Found: /auth/notifications/check/
WARNING 2025-08-26 12:28:45,788 basehttp 52917 124722047555264 "GET /auth/notifications/check/ HTTP/1.1" 404 9547
WARNING 2025-08-26 12:29:15,776 log 52917 124722047555264 Not Found: /auth/notifications/check/
WARNING 2025-08-26 12:29:15,776 basehttp 52917 124722047555264 "GET /auth/notifications/check/ HTTP/1.1" 404 9547
WARNING 2025-08-26 12:30:44,766 log 52917 124722047555264 Not Found: /auth/notifications/check/
WARNING 2025-08-26 12:30:44,766 basehttp 52917 124722047555264 "GET /auth/notifications/check/ HTTP/1.1" 404 9547
WARNING 2025-08-26 12:31:44,768 log 52917 124722047555264 Not Found: /auth/notifications/check/
WARNING 2025-08-26 12:31:44,768 basehttp 52917 124722047555264 "GET /auth/notifications/check/ HTTP/1.1" 404 9547
WARNING 2025-08-26 12:32:44,758 log 52917 124722047555264 Not Found: /auth/notifications/check/
WARNING 2025-08-26 12:32:44,758 basehttp 52917 124722047555264 "GET /auth/notifications/check/ HTTP/1.1" 404 9547
WARNING 2025-08-26 12:33:44,766 log 52917 124722047555264 Not Found: /auth/notifications/check/
WARNING 2025-08-26 12:33:44,766 basehttp 52917 124722047555264 "GET /auth/notifications/check/ HTTP/1.1" 404 9547
WARNING 2025-08-26 12:34:44,780 log 52917 124722047555264 Not Found: /auth/notifications/check/
WARNING 2025-08-26 12:34:44,780 basehttp 52917 124722047555264 "GET /auth/notifications/check/ HTTP/1.1" 404 9547
WARNING 2025-08-26 12:35:44,772 log 52917 124722047555264 Not Found: /auth/notifications/check/
WARNING 2025-08-26 12:35:44,772 basehttp 52917 124722047555264 "GET /auth/notifications/check/ HTTP/1.1" 404 9547
WARNING 2025-08-26 12:36:44,777 log 52917 124722047555264 Not Found: /auth/notifications/check/
WARNING 2025-08-26 12:36:44,777 basehttp 52917 124722047555264 "GET /auth/notifications/check/ HTTP/1.1" 404 9547
WARNING 2025-08-26 12:37:44,766 log 52917 124722047555264 Not Found: /auth/notifications/check/
WARNING 2025-08-26 12:37:44,766 basehttp 52917 124722047555264 "GET /auth/notifications/check/ HTTP/1.1" 404 9547
WARNING 2025-08-26 12:38:44,786 log 52917 124722047555264 Not Found: /auth/notifications/check/
WARNING 2025-08-26 12:38:44,786 basehttp 52917 124722047555264 "GET /auth/notifications/check/ HTTP/1.1" 404 9547
WARNING 2025-08-26 12:39:44,772 log 52917 124722047555264 Not Found: /auth/notifications/check/
WARNING 2025-08-26 12:39:44,772 basehttp 52917 124722047555264 "GET /auth/notifications/check/ HTTP/1.1" 404 9547
WARNING 2025-08-26 12:40:44,781 log 52917 124722047555264 Not Found: /auth/notifications/check/
WARNING 2025-08-26 12:40:44,782 basehttp 52917 124722047555264 "GET /auth/notifications/check/ HTTP/1.1" 404 9547
WARNING 2025-08-26 12:41:44,785 log 52917 124722047555264 Not Found: /auth/notifications/check/
WARNING 2025-08-26 12:41:44,785 basehttp 52917 124722047555264 "GET /auth/notifications/check/ HTTP/1.1" 404 9547
WARNING 2025-08-26 12:42:44,834 log 52917 124722047555264 Not Found: /auth/notifications/check/
WARNING 2025-08-26 12:42:44,835 basehttp 52917 124722047555264 "GET /auth/notifications/check/ HTTP/1.1" 404 9547
WARNING 2025-08-26 12:43:44,807 log 52917 124722047555264 Not Found: /auth/notifications/check/
WARNING 2025-08-26 12:43:44,808 basehttp 52917 124722047555264 "GET /auth/notifications/check/ HTTP/1.1" 404 9547
WARNING 2025-08-26 12:44:44,828 log 52917 124722047555264 Not Found: /auth/notifications/check/
WARNING 2025-08-26 12:44:44,829 basehttp 52917 124722047555264 "GET /auth/notifications/check/ HTTP/1.1" 404 9547
WARNING 2025-08-26 12:45:44,815 log 52917 124722047555264 Not Found: /auth/notifications/check/
WARNING 2025-08-26 12:45:44,815 basehttp 52917 124722047555264 "GET /auth/notifications/check/ HTTP/1.1" 404 9547
WARNING 2025-08-26 12:46:44,842 log 52917 124722047555264 Not Found: /auth/notifications/check/
WARNING 2025-08-26 12:46:44,842 basehttp 52917 124722047555264 "GET /auth/notifications/check/ HTTP/1.1" 404 9547
WARNING 2025-08-26 12:47:44,812 log 52917 124722047555264 Not Found: /auth/notifications/check/
WARNING 2025-08-26 12:47:44,812 basehttp 52917 124722047555264 "GET /auth/notifications/check/ HTTP/1.1" 404 9547
WARNING 2025-08-26 12:48:44,809 log 52917 124722047555264 Not Found: /auth/notifications/check/
WARNING 2025-08-26 12:48:44,810 basehttp 52917 124722047555264 "GET /auth/notifications/check/ HTTP/1.1" 404 9547
WARNING 2025-08-26 12:49:44,808 log 52917 124722047555264 Not Found: /auth/notifications/check/
WARNING 2025-08-26 12:49:44,808 basehttp 52917 124722047555264 "GET /auth/notifications/check/ HTTP/1.1" 404 9547
WARNING 2025-08-26 12:50:44,815 log 52917 124722047555264 Not Found: /auth/notifications/check/
WARNING 2025-08-26 12:50:44,815 basehttp 52917 124722047555264 "GET /auth/notifications/check/ HTTP/1.1" 404 9547
WARNING 2025-08-26 12:51:44,783 log 52917 124722047555264 Not Found: /auth/notifications/check/
WARNING 2025-08-26 12:51:44,783 basehttp 52917 124722047555264 "GET /auth/notifications/check/ HTTP/1.1" 404 9547
WARNING 2025-08-26 12:52:44,789 log 52917 124722047555264 Not Found: /auth/notifications/check/
WARNING 2025-08-26 12:52:44,790 basehttp 52917 124722047555264 "GET /auth/notifications/check/ HTTP/1.1" 404 9547
WARNING 2025-08-26 12:53:44,778 log 52917 124722047555264 Not Found: /auth/notifications/check/
WARNING 2025-08-26 12:53:44,778 basehttp 52917 124722047555264 "GET /auth/notifications/check/ HTTP/1.1" 404 9547
WARNING 2025-08-26 12:54:44,790 log 52917 124722047555264 Not Found: /auth/notifications/check/
WARNING 2025-08-26 12:54:44,790 basehttp 52917 124722047555264 "GET /auth/notifications/check/ HTTP/1.1" 404 9547
WARNING 2025-08-26 12:55:44,790 log 52917 124722047555264 Not Found: /auth/notifications/check/
WARNING 2025-08-26 12:55:44,790 basehttp 52917 124722047555264 "GET /auth/notifications/check/ HTTP/1.1" 404 9547
WARNING 2025-08-26 12:56:44,821 log 52917 124722047555264 Not Found: /auth/notifications/check/
WARNING 2025-08-26 12:56:44,821 basehttp 52917 124722047555264 "GET /auth/notifications/check/ HTTP/1.1" 404 9547
WARNING 2025-08-26 12:57:44,790 log 52917 124722047555264 Not Found: /auth/notifications/check/
WARNING 2025-08-26 12:57:44,790 basehttp 52917 124722047555264 "GET /auth/notifications/check/ HTTP/1.1" 404 9547
WARNING 2025-08-26 12:58:44,793 log 52917 124722047555264 Not Found: /auth/notifications/check/
WARNING 2025-08-26 12:58:44,793 basehttp 52917 124722047555264 "GET /auth/notifications/check/ HTTP/1.1" 404 9547
WARNING 2025-08-26 12:59:45,375 log 52917 124722038113984 Not Found: /auth/notifications/check/
WARNING 2025-08-26 12:59:45,376 basehttp 52917 124722038113984 "GET /auth/notifications/check/ HTTP/1.1" 404 9547
INFO 2025-08-26 12:59:45,381 basehttp 52917 124722047555264 "GET /auth/login/ HTTP/1.1" 302 0
INFO 2025-08-26 12:59:45,658 basehttp 52917 124722047555264 "GET / HTTP/1.1" 200 104563
INFO 2025-08-26 12:59:46,001 basehttp 52917 124722038113984 "GET /static/dashboard/css/auth.css HTTP/1.1" 304 0
INFO 2025-08-26 12:59:46,360 basehttp 52917 124722038113984 "GET /static/dashboard/js/auth.js HTTP/1.1" 304 0
WARNING 2025-08-26 13:00:16,784 log 52917 124722038113984 Not Found: /auth/notifications/check/
WARNING 2025-08-26 13:00:16,784 basehttp 52917 124722038113984 "GET /auth/notifications/check/ HTTP/1.1" 404 9547
WARNING 2025-08-26 13:00:46,783 log 52917 124722038113984 Not Found: /auth/notifications/check/
WARNING 2025-08-26 13:00:46,783 basehttp 52917 124722038113984 "GET /auth/notifications/check/ HTTP/1.1" 404 9547
WARNING 2025-08-26 13:01:16,810 log 52917 124722038113984 Not Found: /auth/notifications/check/
WARNING 2025-08-26 13:01:16,811 basehttp 52917 124722038113984 "GET /auth/notifications/check/ HTTP/1.1" 404 9547
WARNING 2025-08-26 13:01:46,800 log 52917 124722038113984 Not Found: /auth/notifications/check/
WARNING 2025-08-26 13:01:46,801 basehttp 52917 124722038113984 "GET /auth/notifications/check/ HTTP/1.1" 404 9547
WARNING 2025-08-26 13:02:16,793 log 52917 124722038113984 Not Found: /auth/notifications/check/
WARNING 2025-08-26 13:02:16,793 basehttp 52917 124722038113984 "GET /auth/notifications/check/ HTTP/1.1" 404 9547
WARNING 2025-08-26 13:02:46,802 log 52917 124722038113984 Not Found: /auth/notifications/check/
WARNING 2025-08-26 13:02:46,802 basehttp 52917 124722038113984 "GET /auth/notifications/check/ HTTP/1.1" 404 9547
WARNING 2025-08-26 13:03:44,803 log 52917 124722038113984 Not Found: /auth/notifications/check/
WARNING 2025-08-26 13:03:44,804 basehttp 52917 124722038113984 "GET /auth/notifications/check/ HTTP/1.1" 404 9547
WARNING 2025-08-26 13:04:44,810 log 52917 124722038113984 Not Found: /auth/notifications/check/
WARNING 2025-08-26 13:04:44,810 basehttp 52917 124722038113984 "GET /auth/notifications/check/ HTTP/1.1" 404 9547
WARNING 2025-08-26 13:05:44,804 log 52917 124722038113984 Not Found: /auth/notifications/check/
WARNING 2025-08-26 13:05:44,805 basehttp 52917 124722038113984 "GET /auth/notifications/check/ HTTP/1.1" 404 9547
WARNING 2025-08-26 13:06:44,803 log 52917 124722038113984 Not Found: /auth/notifications/check/
WARNING 2025-08-26 13:06:44,803 basehttp 52917 124722038113984 "GET /auth/notifications/check/ HTTP/1.1" 404 9547
WARNING 2025-08-26 13:07:44,808 log 52917 124722038113984 Not Found: /auth/notifications/check/
WARNING 2025-08-26 13:07:44,808 basehttp 52917 124722038113984 "GET /auth/notifications/check/ HTTP/1.1" 404 9547
WARNING 2025-08-26 13:08:44,808 log 52917 124722038113984 Not Found: /auth/notifications/check/
WARNING 2025-08-26 13:08:44,808 basehttp 52917 124722038113984 "GET /auth/notifications/check/ HTTP/1.1" 404 9547
WARNING 2025-08-26 13:09:44,827 log 52917 124722038113984 Not Found: /auth/notifications/check/
WARNING 2025-08-26 13:09:44,827 basehttp 52917 124722038113984 "GET /auth/notifications/check/ HTTP/1.1" 404 9547
WARNING 2025-08-26 13:10:44,815 log 52917 124722038113984 Not Found: /auth/notifications/check/
WARNING 2025-08-26 13:10:44,816 basehttp 52917 124722038113984 "GET /auth/notifications/check/ HTTP/1.1" 404 9547
WARNING 2025-08-26 13:11:44,833 log 52917 124722038113984 Not Found: /auth/notifications/check/
WARNING 2025-08-26 13:11:44,834 basehttp 52917 124722038113984 "GET /auth/notifications/check/ HTTP/1.1" 404 9547
WARNING 2025-08-26 13:12:44,815 log 52917 124722038113984 Not Found: /auth/notifications/check/
WARNING 2025-08-26 13:12:44,816 basehttp 52917 124722038113984 "GET /auth/notifications/check/ HTTP/1.1" 404 9547
WARNING 2025-08-26 13:13:44,845 log 52917 124722038113984 Not Found: /auth/notifications/check/
WARNING 2025-08-26 13:13:44,845 basehttp 52917 124722038113984 "GET /auth/notifications/check/ HTTP/1.1" 404 9547
WARNING 2025-08-26 13:28:39,875 log 52917 124722038113984 Not Found: /auth/notifications/check/
WARNING 2025-08-26 13:28:39,875 basehttp 52917 124722038113984 "GET /auth/notifications/check/ HTTP/1.1" 404 9547
ERROR 2025-08-31 08:30:52,438 log 68348 131574390214784 Internal Server Error: /
Traceback (most recent call last):
  File "/home/net/analyzer/env/lib/python3.12/site-packages/django/core/handlers/exception.py", line 55, in inner
    response = get_response(request)
               ^^^^^^^^^^^^^^^^^^^^^
  File "/home/net/analyzer/env/lib/python3.12/site-packages/django/utils/deprecation.py", line 119, in __call__
    response = self.process_request(request)
               ^^^^^^^^^^^^^^^^^^^^^^^^^^^^^
  File "/home/net/analyzer/dashboard/auth/middleware.py", line 38, in process_request
    reverse('auth:login'),
  File "/home/net/analyzer/env/lib/python3.12/site-packages/django/urls/base.py", line 98, in reverse
    resolved_url = resolver._reverse_with_prefix(view, prefix, *args, **kwargs)
                   ^^^^^^^^^^^^^^^^^^^^^^^^^^^^^^^^^^^^^^^^^^^^^^^^^^^^^^^^^^^^
  File "/home/net/analyzer/env/lib/python3.12/site-packages/django/urls/resolvers.py", line 831, in _reverse_with_prefix
    raise NoReverseMatch(msg)
django.urls.exceptions.NoReverseMatch: Reverse for 'login' not found. 'login' is not a valid view function or pattern name.
INFO 2025-08-31 11:55:17,859 autoreload 12725 131090381111424 Watching for file changes with StatReloader
INFO 2025-08-31 11:55:35,743 basehttp 12725 131090241017536 "GET / HTTP/1.1" 302 0
INFO 2025-08-31 11:55:35,868 basehttp 12725 131090241017536 "GET /auth/login/?next=/ HTTP/1.1" 200 16932
INFO 2025-08-31 11:55:37,187 basehttp 12725 131090241017536 "GET /static/base.css HTTP/1.1" 200 14036
INFO 2025-08-31 11:55:37,187 basehttp 12725 131090231576256 "GET /static/dashboard/css/auth.css HTTP/1.1" 200 12915
WARNING 2025-08-31 11:55:37,424 log 12725 131090231576256 Not Found: /favicon.ico
WARNING 2025-08-31 11:55:37,424 basehttp 12725 131090231576256 "GET /favicon.ico HTTP/1.1" 404 4720
INFO 2025-08-31 11:55:49,206 basehttp 12725 131090231576256 "POST /auth/login/?next=/ HTTP/1.1" 302 0
INFO 2025-08-31 11:55:49,542 basehttp 12725 131090231576256 "GET / HTTP/1.1" 200 104117
INFO 2025-08-31 11:55:49,760 basehttp 12725 131090221086400 "GET /static/dashboard/css/logs.css HTTP/1.1" 200 19859
INFO 2025-08-31 11:55:49,765 basehttp 12725 131090241017536 "GET /static/dashboard/css/custom_filters.css HTTP/1.1" 200 2140
INFO 2025-08-31 11:55:49,766 basehttp 12725 131090212693696 "GET /static/dashboard/css/tag-search.css HTTP/1.1" 200 3840
INFO 2025-08-31 11:55:49,769 basehttp 12725 131090204300992 "GET /static/dashboard/css/context-menu.css HTTP/1.1" 200 2530
INFO 2025-08-31 11:55:49,770 basehttp 12725 131090195908288 "GET /static/dashboard/js/logs-init.js HTTP/1.1" 200 15109
INFO 2025-08-31 11:55:50,094 basehttp 12725 131090221086400 "GET /static/dashboard/js/filters.js HTTP/1.1" 200 11002
INFO 2025-08-31 11:55:50,510 basehttp 12725 131090221086400 "GET /static/dashboard/js/auth.js HTTP/1.1" 200 24587
INFO 2025-08-31 11:55:50,584 basehttp 12725 131090231576256 "GET /static/dashboard/js/logs-validation.js HTTP/1.1" 200 13336
INFO 2025-08-31 11:55:50,585 basehttp 12725 131090195908288 "GET /static/dashboard/js/logs-table.js HTTP/1.1" 200 12950
INFO 2025-08-31 11:56:02,535 basehttp 12725 131090195908288 "GET / HTTP/1.1" 200 103602
INFO 2025-08-31 11:56:16,003 basehttp 12725 131090195908288 "GET /url-summary/ HTTP/1.1" 200 104081
INFO 2025-08-31 11:56:30,898 basehttp 12725 131090195908288 "GET /?srcip=172.20.145.26&time_range=last_hour HTTP/1.1" 200 105364
INFO 2025-08-31 11:56:37,268 basehttp 12725 131090195908288 "GET /?page=5 HTTP/1.1" 200 104944
INFO 2025-08-31 11:57:03,916 basehttp 12725 131090195908288 "GET / HTTP/1.1" 200 103747
WARNING 2025-08-31 11:57:34,691 log 12725 131090195908288 Not Found: /auth/notifications/check/
WARNING 2025-08-31 11:57:34,691 basehttp 12725 131090195908288 "GET /auth/notifications/check/ HTTP/1.1" 404 9547
WARNING 2025-08-31 11:58:04,682 log 12725 131090195908288 Not Found: /auth/notifications/check/
WARNING 2025-08-31 11:58:04,682 basehttp 12725 131090195908288 "GET /auth/notifications/check/ HTTP/1.1" 404 9547
